career_id,career_name,description,required_skills,education_required,average_salary,job_growth_rate,domain,job_role,challenges
11,Software Engineer,A Backend Developer is tasked with building and maintaining the server-side logic and database infrastructure of web applications. They work on the co...,"Python, Docker, Kubernetes",PhD,140100.00,0.05,General,,
12,Data Scientist,Not Specified,"AWS, SQL, ETL, Oracle, Red Shift, Data exploration, Statistical modeling, Mathematical modeling, Econometric modeling, Network modeling, Social network modeling, Natural language processing, Machine learning, Algorithms, Genetic algorithms, Neural networks",Not Specified,140100.00,0.05,Not Specified,,
13,UX/UI Designer,"""Create intuitive and visually appealing user interfaces. Conduct user research and design user experiences for digital products.""",Figma,Adobe XD,0.00,0.00,General,,
14,Marketing Manager,"""Develop marketing strategies and campaigns. Analyze market trends and consumer behavior to drive business growth.""",Digital Marketing,SEO,0.00,0.00,General,,
15,Financial Analyst,Analyze financial data to help businesses make investment decisions.,"Financial Analysis, Data Analysis, Forecasting, Excel, Risk Management, Economics",B.Tech,140100.00,0.05,Finance,,
16,Project Manager,"""Lead cross-functional teams to deliver projects on time and within budget. Coordinate resources and manage stakeholder expectations.""",Leadership,Agile,0.00,0.00,General,,
17,DevOps Engineer,"""Bridge development and operations. Automate deployment processes and maintain cloud infrastructure.""","SQL, Git, Python, System Design, Problem Solving",Azure,0.00,0.00,General,,
18,Content Writer,"""Create engaging content for various platforms. Research topics and write articles",Blogs,"and marketing materials.""",0.00,0.00,General,,
19,HR Business Partner,Not Specified,"Workforce Planning, Organizational Design, Performance Management, Employee Relations, Compensation, Retention Strategies, Career Development, Leadership Development, Talent Management, Legal Knowledge in HR",Not Specified,140100.00,0.05,Not Specified,,
20,Cybersecurity Analyst,"""Protect organizational systems from cyber threats. Monitor networks and implement security measures.""","SQL, Statistics, Excel, Critical Thinking, Data Visualization",Firewalls,0.00,0.00,General,,
21, Collaborative Manipulation Roboticist,Not Specified...,"Collaborative Manipulation, Artificial Intelligence, Robot Operating System (ROS), Programming (Python, C++), Motion Planning, Inverse Kinematics, Task Planning under Uncertainty, Supervised Learning, Reinforcement/Demonstration Learning",Not Specified,140100.00,0.05,General,,
22,Software Engineer - Innovation Lab,Not Specified...,"Software Development, Infotainment Systems, Augmented Reality (AR), Heads-up Display (HUD), Haptic Devices, Platform Optimization, Cross-functional Collaboration, Proof of Concept (PoC), System Application Development, Linux/Android Development, Programming Languages: C, C++, Java, Python, Artificial Intelligence (AI), Prototype Development, Technical Requirement Analysis",Bachelor's in CS/Software Eng,130000.00,0.25,General,,
23,"Director, Standards & Strategy",Not Specified...,"Audio/video codec, Media streaming and storage formats, AR/VR, Machine learning, Artificial intelligence, Technical specifications authoring and reviewing",Bachelor's/Master's in Engineering,170000.00,0.08,General,,
24,Business Strategy Consultant,Not Specified...,"Mobility technological trends expertise, Business strategy development, Autonomous driving, Connectivity, Cybersecurity, Vehicle electrification, Artificial intelligence, Technology planning frameworks and methodologies, Automotive software knowledge, Electronics knowledge, Telematics, Infotainment, Connected vehicles",MBA or Bachelor's in Business,115000.00,0.10,General,,
25, Regular Full-Time,Not Specified...,"Test planning, Bug tracking tools, Automation principles, Writing test cases, Troubleshooting, Programming language, Agile software development, Software development lifecycle, Automation writing",Not Specified,140100.00,0.05,General,,
26," Vice President, Advanced Research",Not Specified...,"Digital product research, Advanced technology integration, OTT video, Virtual/Augmented Reality, Voice Assistants/Navigation, Wearable Devices, IoT, Artificial Intelligence, Machine Vision, Agile project management","Education-related Skills:, Deep understanding of technology trends, Experience in managing large development projects, Experience in agile project management",140100.00,0.05,General,,
27, Analytics Engineer,Not Specified...,"Data analysis, ETL, Data mining, Enterprise analytics platform configuration, SQL, Pivot tables, Advanced Excel models, Business intelligence tools (Tableau, Power BI), AWS Tools, Python, R","Education-Related Skills:, BS degree in data analytics, information science, operations research, economics, scientific, mathematical, or technical discipline, Relevant intern experience",140100.00,0.05,General,,
28,"Director, Informatics",Not Specified...,"Decision Support, Clinical Pathways, Healthcare Information Technology, Electronic Health Records, Quality Measurement, Analytics, Medical Terminologies (e.g., SNOMED-CT, ICD-9/ICD-10), Taxonomies (e.g., LOINC, RxNORM), Clinical Content Authoring, Data Retrieval, Order Sets, Care Plans, Precision Medicine, Learning Management Systems, Drug Information Solutions, Clinical Decision Support Solutions, Healthcare Standards (e.g., HL-7 FHIR)",Not Specified,140100.00,0.05,General,,
29,"Manager, Platforms Risk",Not Specified...,"Risk Management, Compliance, Emerging Technologies, Automation, Agile Methodologies, Technology Risk Management, Cloud Platforms, Third-Party Engagement, Software Development Processes, Policies and Procedures Interpretation",Not Specified,140100.00,0.05,General,,
30,"Regulatory Writer, All Locations",Not Specified...,"Microsoft Outlook, Microsoft Word, Microsoft Excel, Microsoft PowerPoint, Analyzing clinical data",Not Specified,140100.00,0.05,General,,
32,Python Developer,Not Specified,"Python, Cloud Computing, GPU Services, Deep Learning, AI, SDK development, CLI development, Integration testing, Unit testing, Continuous Integration, Continuous Delivery, RESTful web services",Not Specified,140100.00,0.05,Not Specified,,
33,Collaborative Manipulation Roboticist,Not Specified...,"ROS, Kinematics, Control Systems, Motion Planning, Computer Vision, Gazebo Simulation, Cobot Safety, Robotics",,50000.00,0.05,General,,
34,Software Quality Assurance Analyst,Not Specified...,"SQL, Statistics, Excel, Critical Thinking, Data Visualization",,50000.00,0.05,General,,
35,Chief of Staff,Not Specified...,"Adaptability, Time Management, Problem Solving, Communication, Teamwork",,50000.00,0.05,General,,
36,"Strategic Marketing Manager, Artificial Intelligence (AI)",Not Specified...,"Artificial Intelligence (AI), Machine Learning, Marketing principles and tactics, Analytics, Storage/IT industry knowledge",Not Specified,140100.00,0.05,General,,
37,Student Research Collaboration,Not Specified...,"Adaptability, Time Management, Problem Solving, Communication, Teamwork",,50000.00,0.05,General,,
38,Customer Success Specialist,Not Specified...,"Data analysis, Methodology knowledge, Customer service, Communication skills, Conflict resolution, Understanding of Salesforce, Slack, Jira, and Google Drive, Technical alignment to business needs",Not Specified,140100.00,0.05,General,,
39,Energy Industry Technology Specialist,Not Specified...,"Adaptability, Time Management, Problem Solving, Communication, Teamwork",,50000.00,0.05,General,,
40,Director - Artificial Intelligence (AI) Offering Lead,Not Specified...,"Machine Learning, Artificial Intelligence, IoT, Stream Data Processing, Cognitive Computing, Big Data Technologies, Cloud Platforms (AWS, Azure), R, Python, Matlab, Stata, SAS, Natural Language Processing, Predictive Algorithm Development, Data Mining, Unstructured Data Analysis, Human Machine Interaction","Education:, BS/MS/PhD in Computer Science, Information Technology, Mathematics, Data Engineering, or relevant field",140100.00,0.05,General,,
41,Marketing Content Manager,Not Specified...,"Writing style development, Content creation for demand generation campaigns, Product messaging refinement, Social media content development, Reviewing and editing written materials","Education-related Skills:, Bachelor's degree",140100.00,0.05,General,,
42,Reporting Analyst,Not Specified,"Reporting and data analysis, Excel skills (V-lookup, Pivot Table, IF formulas), Analytical thinking, Data cleaning and auditing, Process improvement, Invoice review","Education:, High school diploma, Undergraduate degree (preferred)",140100.00,0.05,Not Specified,,
43,UX Designer,Not Specified...,,,50000.00,0.05,General,,
44,Cybersecurity – Cloud Consulting,Not Specified...,,,50000.00,0.05,General,,
45,Cloud Architect - AWS,Not Specified...,"Application Support, AWS Experience, Information Technology, Communication Skills, Troubleshooting Skills, PCI Compliance, MS Windows Applications, Programming, AWS Certification, IAAS Services, SAAS, DevOps, Unit Testing, Cloud Computing, Point-of-Sale Applications, SQL, Logging Tools, Mobile Technologies","Education-Related Skills:, Bachelor's Degree",140100.00,0.05,General,,
46,Master Data Business Analyst,Not Specified,"Master Data Management, Data Quality Reports, Key Performance Indicators (KPIs), Business Analysis, Business Process Documentation, Project Management, Business Requirements Gathering, Data Governance, Data Integration, Data Warehouse, Business Intelligence, SAP ECC Material Master, SAP Configurations, Process Automation, Training Development",Not Specified,140100.00,0.05,Not Specified,,
47,O365 Messaging Architect,Not Specified...,,,50000.00,0.05,General,,
48,Machine Learning / Artificial Intelligence Scientist Site Lead,Not Specified...,"Machine Learning, Scalable computing, Model development, AI technology, Data analysis, Data manipulation, Neural networks, Deep learning, Regression, Classification, Clustering, SQL, Spark, Hadoop, Functional programming, Python, Scala, Java, C++, Deep Learning frameworks (TensorFlow, Caffe, Caffe2, PyTorch, MxNet), Agile software development",Not Specified,140100.00,0.05,General,,
49,Business Intelligence Analyst w/ SQL & AWS,Not Specified,"Data querying languages (SQL), BI tools (MicroStrategy, PowerBI, Tableau), Programming languages (Python, Java, Scala), Statistical/mathematical software (R, Weka, SAS, Matlab), Working with structured and unstructured data, Hadoop or similar technologies, Streaming analytics tools (Spark, Kafka, Storm), Cloud services (AWS, Azure Cloud), Statistical modeling, Machine learning, R/Python libraries, Statistical approaches, User interface design, Technical design patterns, Data validation/automation, Analytic functions, Geographic Information Systems (GIS), Data Warehouse concepts",Not Specified,140100.00,0.05,Not Specified,,
50,Business Analyst - Entry Level,Not Specified...,"Python, Data analysis, R programming, SQL, Statistical modeling, Machine learning","Related to Education:, Python, Data analysis, R programming, Statistical modeling, Machine learning",140100.00,0.05,General,,
51,"Data Analyst, Digital Gaming",Not Specified...,"Data analysis, Data manipulation, Statistical analysis, SQL, Statistical software, Database languages, Machine learning, Python, R","Education-related Skills:, BS/BA degree in a quantitative discipline",140100.00,0.05,General,,
52, DBHi Data Scientist I,Not Specified...,"Machine Learning, Statistical Analysis, Mathematical Analysis, Data Analysis, Data Modeling, Algorithms, Programming, Bayesian Methods, Probabilistic Graphical Models, Deep Learning, Time-Series Data Modeling, Python, R, Scala, Relational Databases (e.g. Postgres, MySQL), RESTful Web Services, Natural Language Processing, Distributed Computing Technologies (e.g. MPI, Cuda)",Not Specified,140100.00,0.05,General,,
53, D3- Sr. NLP Deep Learning Data Scientist,Not Specified...,"Natural Language Processing/Understanding, Machine Learning, Artificial Intelligence Algorithms/Models, Deep Learning, Coding, Software Development, Data Analysis, TensorFlow, Keras, R, Python, Matlab","Education Skills:, Graduate Degree in Math, Computer Science, Statistics, Engineering, Machine Learning",140100.00,0.05,General,,
54, Full-Stack Developer (Billing Team),Not Specified...,"Python, Django, Front-end development (AngularJS, HTML, CSS), Software testing, Troubleshooting, AI & machine learning, CPT codes, ICD-10/ICD-9, SNOMED, Data analysis",Not Specified,140100.00,0.05,General,,
55,"Machine Learning Engineer, Personalization",Not Specified,"Machine Learning, Scalability, Data Processing, Agile Development, Quality Assurance, Data Analysis, Python, Scala, R, Hadoop, Spark, Amazon AWS, Source Control (Git, Hg, SVN)","Education:, Degree in Computer Science or related discipline",140100.00,0.05,Not Specified,,
56,Junior Analyst - Entry Level,Not Specified...,"Python, SQL, Data analysis, Machine learning, ETL processes, Data visualization tools (e.g., Tableau)",Not Specified,140100.00,0.05,General,,
57," Senior Product Manager, Computer Vision, Artificial Intelligence",Not Specified...,"Product management, Metrics driven product development, Data analysis, Machine learning, Deep learning, AWS technologies, Data deployment, Spark, Python, Scala, Agile methodology, Computer Science",Not Specified,140100.00,0.05,General,,
58,Corporate Research Assistant - Entry Level,Not Specified...,"Python, Java, SQL, Data analysis, Machine learning",Not Specified,140100.00,0.05,General,,
59,User Experience Designer,Not Specified...,"User Experience Design, Front-End Development, Design Systems, User Flows, Prototyping, Design Approaches, Ruby on Rails, React.js",Not Specified,140100.00,0.05,General,,
60,35F Intelligence Analyst,Not Specified...,"All-source intelligence analysis, Intelligence, Surveillance, and Reconnaissance (ISR) synchronization support, Processing incoming reports and messages, Establishing and maintaining systematic intelligence records, Intelligence integration, Graphics preparation and maintenance","Education-Related Skills:, Basic Soldiering skills, Intelligence gathering practice",140100.00,0.05,General,,
61,Transportation Modeler/Engineer,Not Specified...,"Transportation system modeling, Python, C, or other programming languages, Traffic engineering principles, Econometrics, Statistics, Microsoft Access, SQL, Geographic Information Systems (GIS), Travel demand modeling software (VISUM, CUBE, TransCAD, DaySim, EMME), Microscopic or mesoscopic simulation software (VISSIM)","Education-Related Skills:, Bachelors' degree in a related discipline, Master's degree in a related discipline",140100.00,0.05,General,,
62, Enterprise ETL Engineer,Not Specified...,"Technical Skills, ETL processes design, Data integration, Data validation, Enterprise data sources, Redshift, Databricks/Spark, AWS S3, MySQL, Oracle, Data pipeline understanding, Kimball Dimensional Modeling, SQL, ERD review, Structured data handling, Semi-structured data handling, Unstructured data handling, OLTP, OLAP, BI reporting tools","Related to Education:, Kimball Dimensional Modeling, SQL, ERD review, BI reporting tools",140100.00,0.05,General,,
63,Data Engineer - Digital Wealth,Not Specified...,"Python, Apache Hadoop, Spark, HDFS, Hive, SQL, Excel, Project Management, Data Flow (Kafka, Sqoop), ETL Processes, Data Analytics Tools (R, Scala, Pandas, Tableau), Microsoft Office applications, Financial Markets, Morningstar, Bloomberg, Salespage CRM, Albridge, Discovery, BrightScope, Market Metrics",Not Specified,140100.00,0.05,General,,
64,Business Operations Analyst,Not Specified...,"Data analysis, Data mining, CRM management, Marketing automation, Reporting, MS Office proficiency, Excel, Power Point, Business Intelligence tools (Tableau, Domo, PowerBI), Salesforce.com, Marketo or other marketing automation tools","Related to Education:, Bachelor's degree",140100.00,0.05,General,,
65,"Analyst, Business Analytics",Not Specified...,"Data analysis, Data visualization, SQL, Database management, Reporting tools (PowerPoint & Tableau), Hive, ELT processes, Salesforce.com, Excel",Not Specified,140100.00,0.05,General,,
66," Business Analyst, Strategy & Analytics",Not Specified...,"Analytical skills, Problem-solving skills, SQL, Python, R, Excel, Data analysis, ROI modeling, Marketing analytics, Consumer insights, Data warehousing, Retail POS financing, E-commerce",Not Specified,140100.00,0.05,General,,
67,Financial Business Analyst (PowerApps),Not Specified,"PowerApps, Power BI, SharePoint, Excel, SQL","Education-Related Skills:, BS Degree in Finance, Analytics or related discipline",140100.00,0.05,Not Specified,,
68, Transportation Business Analyst III,Not Specified...,"Data analysis, Data mining, Financial analysis, Forecast model development, SQL, Excel","Education-Related Skills:, BS or BA degree in a quantitative field such as Math, Finance, Statistics, Engineering, Supply Chain, or Business Operations",140100.00,0.05,General,,
69,CUST INTELLIGENCE ANALYST II-III,Not Specified,"SQL, PL/SQL, Data Management, Batch Scripts, ETL Tools, Relational Databases, Data Modeling, Reporting Tools, SAS, Tableau, Microstrategy, MVC, MVVM, Visual Studio, C, JavaScript, JQuery, Microsoft Office, Oracle Databases",Not Specified,140100.00,0.05,Not Specified,,
70,Revenue Analyst,Not Specified...,"Data analysis, Data accuracy, Business intelligence, Report automation, Database management, Excel, VBA, SQL, Revenue optimization/forecasting software",Not Specified,140100.00,0.05,General,,
71,Salesforce Developer,"JOB TITLE: SALESFORCE DEVELOPERPOSITION TYPE: 100% REMOTEPAY: $68.00/HR ON W2
EXPERIENCE DESIGNING COMPREHENSIVE SALESFORCE SOLUTION FOR SALESFORCE SALES CLOUD, SERVICE CLOUD AND COMMUNITIES. HANDS-ON EXPERIENCE WITH SALESFORCE REST APIS AND CODING IN APEX. THIS INDIVIDUAL IS COLLABORATIVE AND HAS WORKED WITHIN AN AGILE ENVIRONMENT. EXPERIENCE WITH UI DESIGN IS A PLUS.
ESSENTIAL RESPONSIBILITIES:PRIMARY RESPONSIBILITES WILL FOCUS ON BUILDING CUSOTM BUSINESS APPLICATIONS AND SOLUTIONS BY WRITING CODE IN APEX LWC/AURA.SOLUTION DESIGN AND IMPLEMENTATION OF SALESFORCE SERVICE CLOUDDEVELOP INTEGRATION CROSS SALESFORCE INSTANCESRESPONSIBLE FOR CUSTOMIZING, DEVELOPING AND SUPPORTING SOLUTIONS ON THE FORCE.COM PLATFORM, DRIVE SALESFORCE ENHANCEMENTS AND IMPROVEMENTSBUILD INTEGRATIONS BETWEEN SALESFORCE AND OTHER INTERNAL SYSTEMS TO AUTOMATE BUSINESS PROCESSESDEVELOP CUSTOM CODE, PERFORM CODE REVIEWS AND ENSURE SUCCESSFUL DEPLOYMENTSPREFERRED SKILLS/EXPERIENCEEXPERIENCE WITH SALESFORCE SERVICE CLOUD, COMMUNITY CLOUD AND CTI INTEGRATION (AMAZON CONNECT)FIVE YEARS OF EXPERIENCE AS A SALESFORCE DEVELOPEREXPERIENCE IMPLEMENTING SALESFORCE SALES CLOUD, SERVICE CLOUD AND COMMUNITIESDESIGN EXPERIENCE IN SALESFORCE LIGHTNING UIEXPERIENCE WITH REST/SOAP API INTEGRATIONEXPERIENCE WITH SYSTEM MIGRATIONS EXTENSIVE KNOWLEDGE IN MODELING AND APPLICATION DESIGN AND ARCHITECTUREEXPERT KNOWLEDGE IN IT/SOFTWARE QUALITY ASSURANCE, SYSTEM TESTING TOOLS AND SYSTEM/APPLICATION TESTING AND IMPLEMENTATIONENTIRELY SELF-DIRECTED, CAN SOLVE BUSINESS PROBLEMS FROM INCEPTION TO IMPLEMENTATION, CAN SOLVE BUSINESS PROBLEMS WITHOUT EXPLICIT DIRECTIONCREATIVE, FLEXIBLE, AND WILLING TO CONTINUOUSLY CHANGE, EVOLVE, AND IMPROVE SOFTWARE DEVELOPMENT PROCESSESSTRONG TIME MANAGEMENT SKILLS AND COMMUNICATION/LEADERSHIP SKILLSADEPT WITH AGILE SOFTWARE DEVELOPMENT LIFECYCLE AND DEVOPS PRINCIPLES","Salesforce Solution Design, Apex, VisualForce, XML, HTTP/HTTPS, Javascript, JSON, Force.com platform, Git, Subversion, Test Driven Development (TDD), Selenium, Continuous Integration (CI), Web Services, ETL Tools, Salesforce Integration, JavaScript, AJAX, HTML5, CSS",Not Specified,140100.00,0.05,Not Specified,,
72,Business Analyst_MDM,Not Specified,"Data Governance, Data Quality, Reference Data Management, Collibra, Business Metadata, Data Lineage, Business Requirements Documentation, User Acceptance Testing, Change Management, MDM (Master Data Management), SAP, Enterprise Source Systems, Business Intelligence, Enterprise Integration, Software Business Sales Cycles, CRM, ERP",Not Specified,140100.00,0.05,Not Specified,,
73,Medical Doctor (General Practitioner),"Diagnose and treat injuries or illnesses. examine patients; take medical histories; prescribe medications; and order, perform, and interpret diagnostic tests.","Biology, Anatomy, Diagnosis, Patient Care, Medical Terminology, Pharmacology",Doctor of Medicine (MD),208000.00,3.00,Medical,,
74,Edison Office Administrator,Not Specified,"Note: The technical skills are related to experience, while the soft skills are a mix of education and experience.",Not Specified,140100.00,0.05,Not Specified,,
75,Data Architecture Manager,Not Specified,"Data modeling, Data Vault, Dimensional (Star Schema), OLTP, Hierarchical data modeling, Enterprise modeling standards, Data Governance, Data integration (ETL), Data Architecture standards, Data Governance procedures, Hadoop, Big Data, NoSQL, Data Virtualization, Data Services","High School Diploma required, Bachelor’s Degree preferred, Master’s Degree preferred",140100.00,0.05,Not Specified,,
76,Program Manager - Supply,Not Specified...,"Data Analysis, Forecasting Models, Growth & Sales Metrics, Custom Dashboards, SQL Proficiency, Business Information Analysis, Dashboard Creation, Business Metrics Tracking",Not Specified,140100.00,0.05,Not Specified,,
77,Data Engineer,Not Specified,"Python, SQL, API, Tableau, SAP Business Objects (BOBJ), SAP HANA, Hadoop / HAWQ, SAP Smart Data Integration (SDI) / SAP Landscape Transformation (SLT), Informatica","Education-Related Skills:, Bachelors degree in Computer Science, Statistics, Mathematics, Engineering, or relevant field.",140100.00,0.05,Not Specified,,
78,Cloud Solution Architect (Bilingual in Mandarin a plus),Not Specified,"AWS solution design, Provision, Migration, Deployment, Operation, Java, C, ASP.Net, Net Core, HTML 5, CSS, Azure Cloud, Angular, RabbitMQ, MongoDB, MS SQL server, Project Management",Bachelor degree or higher on computer science or management information system,140100.00,0.05,Not Specified,,
79,MongoDB Admin,Not Specified...,"Configure and monitor MongoDB instances and replica sets, Automate routine tasks with scripts and open-source tools, Solve production problems, Improve database backups and test recoverability, Optimize database needs using MongoDB, Maintain database performance and capacity planning, Performance tuning for high throughput, Architecting high availability servers",Not Specified,140100.00,0.05,Not Specified,,
80,Data and Evaluation Manager,Not Specified...,"Database Management, Data Analysis, Evaluation Planning, Program Monitoring, Research Skills, Salesforce Administration",Not Specified,140100.00,0.05,Not Specified,,
81,Ultimate Hoops League Coordinator,Not Specified,"Management of sports leagues, Game statistics recording, Online management, Event coordination and scheduling, Promotion of sports programs, Payroll tracking","Education-related Skills:, High School diploma or GED",140100.00,0.05,Not Specified,,
82,"Senior Technology Consultant: Integration, Data Conversion, Reporting –
Higher Education & State / Local Government",Not Specified,"Knowledge of core design principals, Integrations design and delivery, Technical data conversion, Reporting and Analytics design, Data modeling concepts, ETL Software, Web Services, XML / XSLT, Programming (e.g., Java, C), Advanced Reports development, Data Analytics / big data",Not Specified,140100.00,0.05,Not Specified,,
83,Database Analyst 5,Not Specified,"Database design, Database administration, Oracle, DB2, SQL Server, Teradata, Data warehouse",Not Specified,140100.00,0.05,Not Specified,,
84,Graduate Admissions Records Evaluator,Not Specified,"Application Processing, Customer Relationship Management (CRM), Data Entry, Document Imaging, Quality Assurance, Troubleshooting, Data Integration","Education:, High school diploma or its equivalent",140100.00,0.05,Not Specified,,
85,Strategic Data Analyst,Not Specified,"Data analysis, Data manipulation, SAS/SQL, Statistics, Health informatics, Presentation skills","Education-related Skills:, BA/BS degree in Analytics, Statistics, Data Science, Health Informatics or similar, MA/MS/MBA degree",140100.00,0.05,Not Specified,,
86,Data Engineer - AWS,Not Specified,"Big Data Applications, Python, ETL, Redshift, Apache Spark, AWS, Database structures, S3 datalakes","Skills Related to Education:, Understanding of database structures, theories, principles, and practices",140100.00,0.05,Not Specified,,
87,Data Architect - Teradata,Not Specified,"Teradata, Data Warehouse, Data Modeling, SQL Programming, Performance Tuning, ETL/ELT, Linux, UNIX, Windows, Shell Scripting, Informatica, MS Office, BI Tools (MicroStrategy or Tableau), SQL Server, Oracle, DB2, Hadoop, Google Cloud Service & Big Query, Stonebranch","Education-Related Skills:, Teradata Certification",140100.00,0.05,Not Specified,,
88,Clinical Data Scientist,Not Specified,"SQL experience, Use of JReview or other analytical/visualization tools (e.g., Spotfire, SAS JMP Clinical, SAS, R), Excel proficiency (pivot tables, graphics, data exploration)",Not Specified,140100.00,0.05,Not Specified,,
89,OFFICE ASSISTANT (TEMP),Not Specified,"Answering telephone calls, Responding to inquiries, Organizing files, Setting up for events, Maintaining office equipment, Knowledge of Word, Excel, and Adobe Pro",Not Specified,140100.00,0.05,Not Specified,,
90,Principle Enterprise Data Architect,Not Specified,"Enterprise Architecture, System Architecture, Data Architecture, Enterprise Integration Design, Microsoft .NET Platform Development, Java/Linux Development, Cloud Implementation (Azure and/or AWS), Integration Platforms and Frameworks, Data Solutions Architecture, Data Integration Development, BI Development, Web and Mobile Platform Design, Cloud-Based and On-Premise Integration, Agile Development Methodology, API Management, DevOps, Server Infrastructure, Network Infrastructure, Information Security, Database Technologies, Business Application Design, Data Architecture Design Patterns, TOGAF Certification, Zachman Framework Knowledge",Not Specified,140100.00,0.05,Not Specified,,
91,End User Services Engineer,Not Specified,"IT experience, Microsoft systems (Win 10) support, Mac OS X support, Linux based operating systems support, Network implementation knowledge, Server hardware and software maintenance, PC hardware architecture knowledge, Support for desktop applications, Collaborative technologies support, Desktop architecture build understanding, Integrated audio systems support, Comprehensive AV deployments support, Webcasting and web-video delivery knowledge, VMware desktop products experience","Skills related to education:, Completed a minimum 3-year degree in Computer Science or related field OR degree from Technical Trade School",140100.00,0.05,Not Specified,,
92,Leasing Consultant,Not Specified,"Customer service, Sales experience, Marketing, Property management software knowledge",Not Specified,140100.00,0.05,Not Specified,,
93,Manager of Business Analytics – Dodger Stadium,Not Specified,"Business Analytics, Client-facing experience, SQL, Python, Statistical software (R preferred), Data visualization (Tableau preferred), Excel modeling, Financial business modeling, Data visualization tools, PowerPoint","Education-related Skills:, Bachelor's degree in business analytics, economics, finance, computer science, statistics, or related field",140100.00,0.05,Not Specified,,
94,Salesforce Admin & Data Systems Manager,Not Specified,"Salesforce administration, CRM management, Data management, Data quality monitoring, Data system integration, System tools evaluation, Error troubleshooting, Custom Salesforce development, Project management",Not Specified,140100.00,0.05,Not Specified,,
95,"Administrator, Database",Not Specified,"Database Architecture, Database Management System (DBMS) installation and testing, Data standards maintenance, Database documentation writing, Access permissions and privileges control, Backup and recovery planning, Performance monitoring, NoSQL databases (Cassandra, Mongo, etc.), AWS, Azure, PCF knowledge, Cloud data administration, Data integrity enforcement, Advanced Development using Cassandra, Microservices, Payments industry understanding, Data modeling experience, Continuous Integration and Continuous Deployment","Note: Some skills are related to experience, while others are related to education.",140100.00,0.05,Not Specified,,
96,Business Intelligence Analyst II - Decision Support Services,Not Specified,"Business Intelligence, Data mapping, Data warehousing, EMR/Epic, Clarity, SAP Business Object tools, Oracle SQL, Allscripts EPSi Enterprise Analyst and Decision Support Suite, PeopleSoft, Microsoft Word, Microsoft Excel, Microsoft Access, Project management",Not Specified,140100.00,0.05,Not Specified,,
97,Sr. Database Administrator,Not Specified,"Managing production SQL environments, SQL Server Reporting Services (SSRS, SSAS, SSIS), Business Intelligence reporting tools (Qlik, Tableau, Power BI), Agile environment, Powershell scripting","Education-related skills:, Bachelor's Degree",140100.00,0.05,Not Specified,,
98,Travel Consultant - Gov't / Military Accounts (EV),Not Specified,"Native SABRE experience, GDS system knowledge, Knowledge of Excel spreadsheet software, Microsoft Office proficiency, Ability to navigate between programs by using shortcut keys",Not Specified,140100.00,0.05,Not Specified,,
99,Data Center Architect,Not Specified,"Data center and storage solutions, Consultative / complex sales processes, Deep knowledge of major public cloud offerings (i.e. Microsoft Azure, AWS, OpenStack, DevOps), Infrastructure, Platform, and Software as a Service (IaaS, PaaS, SaaS) capabilities","Education-related Skills:, Deep knowledge of data center and storage solutions",140100.00,0.05,Not Specified,,
100,"Technical Account Manager, Google Cloud Professional Services",Not Specified,"Data analysis, Troubleshooting, Cross-functional teamwork, Enterprise infrastructure implementations, Cloud platform design, Big Data solutions, Application development, Strategic roadmapping, Digital transformation, Customer feedback analysis, Capacity planning, Product release management",Not Specified,140100.00,0.05,Not Specified,,
101,MySQL Database Administrator,Not Specified,"MySQL database architecture, MySQL database performance tuning, Data sharding, Galera cluster, LAMP environment, MySQL Replication, InnoDB administration, Linux environment, Linux shell scripting, Perl, Python, Physical/logical database design, Install, configure, patching, and upgrading MySQL databases, Automating administrative tasks, Hardware performance analysis, Database security management","Education Related:, Advanced knowledge in MySQL database architecture, Ability to work cooperatively with software engineers and system administrators",140100.00,0.05,Not Specified,,
102,Data Analyst,Not Specified,"SQL, Excel, Data visualization tools, Proficiency with development languages (e.g., Python), Background in statistics or a related field",Not Specified,140100.00,0.05,Not Specified,,
103,Systems Administrator I (Temporary),Not Specified,"End-user support, Computer desktop maintenance, Documentation, Analysis of technical problems, Desktop upgrades, Software installations, Telecommunications maintenance, Video conferencing, Hardware repair, Microsoft operating systems, Networking devices, Network security, TCP/IP networking, Troubleshooting techniques, PC hardware and software support","Education:, year of experience in a computer operations environment or equivalent combination of education and experience.",140100.00,0.05,Not Specified,,
104,Business Analyst,Not Specified,"Reporting and Analytics, Data Analysis, Business Requirements, Data Visualization, Business Intelligence Tools, Qualitative and Quantitative Analysis, Data Cleansing, Database Management, Excel, SQL (mySQL), Data Engineering, Dashboard Development, Financial Analysis, Data Integrity, ETL Tools (SSIS, Alteryx), Tableau",Not Specified,140100.00,0.05,Not Specified,,
105,Senior Information Security Analyst,Not Specified,"Information Risk Assessment, Vulnerability Remediation, IT Security, IT Risk Management, Regulatory Standards Awareness, Information Security Control Activities, Compliance Strategies, Risk Evaluation Methods, Information Security Control Frameworks (NIST, ISO, COBIT), Control Monitoring, Security Reviews, Risk Assessments, GRC Tools, Technical Infrastructure Knowledge, Network Knowledge, Database Knowledge, Systems Knowledge, Security Certifications (CRISC, CISSP, CISM), Automated GRC Tools (e.g., RSA Archer)","Experience-Related Skills:, + years of IT security or information security experience, Senior Management Engagement Experience, IT Compliance Assessments Experience, IT Security Controls Administration Experience, Vendor Risk Assessment Experience, Working in Higher Education Organization Experience",140100.00,0.05,Not Specified,,
106,Russian Open Source Research Analyst,Not Specified,"Proficiency in Russian, Research skills, Critical thinking, Written and oral communication, Information resources research","Related to education:, Academic credentials",140100.00,0.05,Not Specified,,
107,Full Stack Web/Mobile Developer,Not Specified,"JavaScript, Node.js, React.js, Redux, Flow, Jest, Hapi.js, Express, React Native, SQL, NoSQL, MongoDB, Elastic, Git, Github, Apache, Nginx, IIS, Jenkins, Travis, Agile, Continuous delivery, APIs, Security, Performance, JSON, Hypermedia formats, REST, HTTP","Skills Related to Education:, BS in Computer Science or equivalent experience",140100.00,0.05,Not Specified,,
108,"VP, Applications Development",Not Specified,"Big Data, Data Visualizations, Agile development, Java, Spring, Spring Boot, JavaScript (AngularJS, ReactJS), Hadoop, Glue, Athena, EMR, AWS Native data Services, Kafka, Redis, NoSQL, MongoDB, Blockchain technologies, Machine Learning, Continuous integration, Build/test automation, Jira, Git, Jenkins, Sonar, DevOps, Cloud native architecture, Distributed environment, Consumer facing digital products, Web and mobile applications, Public cloud technology stacks, Amazon Web Services (AWS), Microsoft Azure, Software engineering best practice, Microservices",Not Specified,140100.00,0.05,Not Specified,,
109,Data Delivery - Data Governance and Quality - Manager,Not Specified,"Technical skills:, Data management, Master data, Metadata, Data architecture, Data governance, Data quality, Data modeling, Informatica DQ, Collibra, Systems strategy, System requirements, Data design, Prototyping, Testing, Training",Not Specified,140100.00,0.05,Not Specified,,
110,Channel Strategy Associate,Not Specified,"Cisco Meraki, Cloud-managed networking, Data analysis, Revenue growth analysis, Industry trend analysis, Strategic program management, Microsoft Excel",Not Specified,140100.00,0.05,Not Specified,,
111,Full Stack Developer,Not Specified,"Backend infrastructure, Python coding, Typed language (e.g. C++, Java), Modern JavaScript technologies, Build automation and continuous integration, Algorithms, Data structures","Skills Related to Education:, Algorithms, Data structures",140100.00,0.05,Not Specified,,
112,IT Audit Consultant,Not Specified,"IT General Controls/IT Audit, IT SOX, IT Risk Consulting, Project Management, Interpersonal Skills, Verbal and Written Communication, Analytical Skills, Understanding of Information Technology Processes and Controls, Knowledge of Internal Control Frameworks (COSO and COBIT), Audit Methodologies, Information Technology (IT) Processes, IT Fieldwork","Skills Related to Education:, Bachelor's Degree, Major in Computer Information Systems, Management Information Systems, or Accounting, Professional Certification (CPA, CIA, CISA)",140100.00,0.05,Not Specified,,
113,Systems Architect,Not Specified,"Systems Architecture, Simulation Architecture, Real-time Systems, Networking, Flight Simulation, Hardware Architecture, Software Architecture, High Fidelity Simulation, Air Traffic Control Simulation, Network Simulation Protocols","BS in Computer Science or Engineering, Advanced Degree in Engineering or Computer Science",140100.00,0.05,Not Specified,,
114,Employee Engagement Coordinator,Not Specified,"Employee Engagement, Training, Leadership Development, Event Planning, HRIS/LMS Management, Web-based Platform Management, Project Management, Client Focus, Communication Plans",Not Specified,140100.00,0.05,Not Specified,,
115,Supply Chain Manager,Not Specified,"Microsoft Excel, Microsoft Word, Microsoft Access, Internet search engines, ERP systems, Data analysis, Vendor management, Inventory management, Procurement, Aviation/Aircraft/Mechanical terminology","Education-Related Skills:, Bachelor's degree in Management or Supply Chain",140100.00,0.05,Not Specified,,
116,Senior Data Engineer,Not Specified,"Data integration, Data systems design, Data processing pipelines, Scripting and programming languages (Python, Java, C), Structured and unstructured dataset evaluation, Statistics, data mining, and predictive analytics, Database integration, Performance tuning of SQL queries, Software engineering best practices, Version control (Git, TFS, JIRA), Business Intelligence tools (Business Objects, Informatica, SSRS, Cognos, MicroStrategy, Tableau, QlikView, SpotFire), Unix tools and shell scripts","Education-Related Skills:, Bachelor's degree in Computer Science, Software Engineering, MIS, or equivalent",140100.00,0.05,Not Specified,,
117,Data Solutions Architect,Not Specified,"Web architecture, App architecture, Data integration, Solution design and architecture, Relational database concepts, SQL, Data management, Segmentation, ETL best practices, Scripting, Query development, Front end development, HTML, CSS, JS, RESTful services, System documentation",Not Specified,140100.00,0.05,Not Specified,,
118,"Director of Analytics, Research, and Measurement",Not Specified,"Data analysis, Data interpretation, Project management, Research methods, Database development, Health care trends research, Policy development",Not Specified,140100.00,0.05,Not Specified,,
119,Data Quality Analyst,Not Specified,"Data analysis, Quality assurance, Data validation, Search engines, Business research tools, Data interpretation, MS Office (Access, Word, PowerPoint, Excel), Pivot Tables",Not Specified,140100.00,0.05,Not Specified,,
120,Machine Learning Engineer & Researcher,Not Specified,"Machine learning, Computer vision, Digital signal processing, C++, Python, Go, Java, Javascript","Education-Related Skills:, Machine learning, Computer vision, Digital signal processing",140100.00,0.05,Not Specified,,
121,Operational Analyst,Not Specified,"Oracle applications, KPI framework, Microsoft Office Suite (Excel, PowerPoint, etc.), SQL, Website creation and maintenance","Skills Related to Education:, B.S. or B.A. Degree, Some college coursework or APICS Certification",140100.00,0.05,Not Specified,,
122,Full-Stack Developer at a Stable and Growing Startup,Not Specified,"Ruby on Rails, Ember.js, MySQL",Years of experience in full-stack or backend web development,140100.00,0.05,Not Specified,,
123,Software Engineer (Full stack) / Flights,Not Specified,"Javascript, Jquery, Java, Spring framework, HTML, CSS, Unit testing, Automated integration testing, Agile methodologies, React framework, Back-end development, Software testing, Build/deploy pipelines, AWS, npm",Not Specified,140100.00,0.05,Not Specified,,
124,Senior Network Operations Technician,Not Specified,"Fiber splicing, Cable terminations, Telecommunications equipment installation and maintenance, Testing and diagnostic procedures, Analog/digital video and audio knowledge, Network management monitoring system expertise","Skills related to Education:, Related Associate degree",140100.00,0.05,Not Specified,,
125,"Manager, Quality Assurance (QA)",Not Specified,"Test Automation, Test Strategy, Test Execution, Code Review, Defect Management, Resource Planning, Root Cause Analysis, Project Estimation, SQL, Data Modeling","Skills Related to Education:, BS Degree or equivalent years of work experience",140100.00,0.05,Not Specified,,
126,Supervisor - Call Center Operations,Not Specified,") Operations Management, ) Customer Service, ) Training and Development, ) Performance Management, ) Data Analysis, ) Communication Skills, ) Leadership, ) Problem-Solving, ) Time Management","Education:, ) Undergraduate Degree",140100.00,0.05,Not Specified,,
127,Product Owner,Not Specified,"Business-To-Consumer, Business Scorecard, Business Control Center, Agile, Agile PLM",Not Specified,140100.00,0.05,Not Specified,,
128,Dyson Stylist,Not Specified,"Retail Sales, Product Demonstrations, Technology Knowledge, Microsoft Office Proficiency","Education-related Skills:, HS Diploma or GED required, Bachelor's Degree a plus",140100.00,0.05,Not Specified,,
129,Sr. Big Data Engineer,Not Specified,"Java, Python, ETL, Scala, Spark, Big Data, IoT, Cloud Engineering, Machine Learning, Architectural Patterns, System Integration, Streaming Technologies, Hive, Pig, Kafka, HBase, Unix/Linux, Scripting, Data Warehousing, SQL, R, JavaScript, Shell Scripts, Hadoop, NoSQL, Impala, ETL","Education-Related Skills:, Bachelor's degree or equivalent experience",140100.00,0.05,Not Specified,,
130,Sponsored Programs Business Analyst,Not Specified,"Process Improvement, Workday Implementation, Accounting Principles, Finance System Configuration, Research Administration, Interpreting Laws and Policies, Computer Proficiency, Policy Interpretations, Data Analysis",Not Specified,140100.00,0.05,Not Specified,,
131,Systems Administrator,"IT Support Specialists provide technical assistance to end-users, troubleshooting hardware and software problems, setting up equipment, and maintaining IT infrastructure.",Technical troubleshooting Hardware and software support Customer service Problem-solving Communication,BCA,140100.00,0.05,Not Specified,,
132,Chief Human Resources Officer,Not Specified,"Human Capital Strategy Development, Talent Management, Employee Engagement, Leadership Development, Workforce Planning, Change Management, Mergers and Acquisitions, Total Rewards, Organizational Development, HR Programs Oversight",Not Specified,140100.00,0.05,Not Specified,,
133,Junior Quantitative Researcher,Not Specified,"Machine Learning Algorithms, Statistical Analysis, Big Data Analysis, Optimization Algorithms, Quantitative Modeling, Python Programming, C++ Programming","Education-related Skills:, Masters or PhD in a technical field",140100.00,0.05,Not Specified,,
134,"Software Engineer, Full Stack",Not Specified,"Full stack development, Web and mobile application development, API infrastructure design and implementation, Integration with internal and third-party solutions, Restful API development, Cloud computing platforms (e.g., Amazon Web Services), Data structures, algorithms, and design patterns",Not Specified,140100.00,0.05,Not Specified,,
135,Network & Security Admin,Not Specified,"Runbook Automation, Ovirt/Nutanix Hypervisors, Access Control Lists (ACLs), Perl, Network Device Health Checking, Automation Solution Design, HP Operation and Orchestration (OO), Middleware Integration, Automation Testing, Runbook Development",Not Specified,140100.00,0.05,Not Specified,,
136,International Digital Marketing Manager,Not Specified,"Digital Marketing, Mobile Marketing, Chatbots/Artificial Intelligence, Social Media Management, Technology Implementation, ROI Analysis, Integrated Marketing Campaigns, KPI Setting and Measurement, Web Platform Management, Data Analysis, Microsoft Excel, PowerPoint",Not Specified,140100.00,0.05,Not Specified,,
137,Big Data Engineer - Strategic Analytics,Not Specified,"ETL design, Coding, Testing patterns, Engineering software platforms, Large-scale data infrastructures, Architecting scalable pipelines, Open source tools, High-performance algorithms, Programming languages (Java, Python, Linux, PHP, Hive, Impala, Spark), Working with big data platforms, Real-time/streaming data delivery, Data parsing, managing, analyzing, and visualizing, Data modeling, Security and data privacy, In-memory technologies, Shell scripting, MapReduce, Kafka setup and maintenance, Flume processes, Database structures, Sqoop data loading, Oozie workflow/schedulers, AWS components, Multi-threading and concurrency concepts","Education-Related Skills:, B.S. or M.S. in Computer Science or Engineering",140100.00,0.05,Not Specified,,
138,Software Dev-QA Engineer,Not Specified,"Test Strategies, Test Plan Development, Test Automation, Android Testing Frameworks (UIAutomator, Espresso), Android Debugging Tools, Scripting (Python), Artificial Intelligence based Testing Techniques, Bug Tracking System, Software Requirements Understanding, Automotive Protocols (CAN, LIN, Broad R Reach), Automotive Communication Logs Analysis (VehicleSPY, PeakCAN), Real-time or Embedded Applications Testing, Programming Languages (C/C++, Java), Windows and Unix Shell Scripts, Expresso/UI Automator Testing Framework","Bachelor's Degree in Computer Science, Electrical Engineering, Software Engineering, or related field",140100.00,0.05,Not Specified,,
139,Database Administrator,"A Database Developer designs, develops, and maintains databases. They create efficient data structures, write queries, and ensure data security and integrity.","Database design and development SQL and database querying Data modeling Programming languages (e.g., Java, Python) Data security and privacy regulations knowledge",BBA,140100.00,0.05,Not Specified,,
140,"Partner Technology Manager, YouTube",Not Specified,"Java, Python, PHP, XML, HTTP, HTML, JavaScript, Unix/Linux systems, Scripting languages, Data analysis, SQL queries, Digital Rights Management (DRM) solutions, Video or audio codecs, Live streaming, /VR",Not Specified,140100.00,0.05,Not Specified,,
141,Machine Learning Engineer / AD,Not Specified,"Machine Learning Algorithms, Deep Learning Frameworks (TensorFlow, Caffe, PyTorch), Large Data and Distributed Systems, Pig Latin, Scala, Spark, ML Packages (TensorFlow, Scikit-learn, Caffe, Theano, PyTorch)","Education-Related Skills:, MS/Ph.D in Computer Science or Software Engineering",140100.00,0.05,Not Specified,,
142,Network Engineer,"Wireless Network Engineers design, implement, and maintain wireless network solutions. They optimize wireless connectivity, troubleshoot issues, and ensure reliable and secure wireless communications.",Wireless network design and architecture Wi-Fi standards and protocols RF (Radio Frequency) planning and optimization Wireless security protocols Troubleshooting wireless network issues,PhD,140100.00,0.05,Not Specified,,
143,DISTRICT MANAGER (PARKING),Not Specified,"Budget Management, Data Analysis, Financial Performance Monitoring, Marketing Strategy Development, Equipment Procurement, Operating Expense Management, Recruitment and Staffing, Performance Evaluation, Legal Compliance, Safety Standards Compliance, Project Management",Not Specified,140100.00,0.05,Not Specified,,
144,Project Team Specialist - Overnight (Austin TX),Not Specified,"Merchandising, Planogram implementation, Fixture implementation, Product security devices, Display maintenance, Technology display implementation","Education:, High school diploma or equivalent",140100.00,0.05,Not Specified,,
145,"G Suite Strategic Cloud Engineer, Google Professional Services",Not Specified,"Python, Go, Cloud infrastructures, Email administration, Networking fundamentals, Enterprise directory administration, IT security practices",Not Specified,140100.00,0.05,Not Specified,,
146,Information Security Analyst,Not Specified,"Information Security, Network Analysis, Incident Response, Regulatory Compliance, IT Audit, Vulnerability Scanning, Security Information and Event Management (SIEM) technologies, Log Analysis, System Certification, Product Evaluations, Security Policy Development, Security Awareness Programs, Trend Analysis, Data Evaluation","Experience Related:, years of related experience in Information Security Operations or equivalent combination of education and experience.",140100.00,0.05,Not Specified,,
147,Sales Consultant - Comp,Not Specified,"Selling skills, Inventory management, Merchandising, Customer service, Sales strategies, Financial performance analysis","Related to Education:, No specific skills mentioned in the job description.",140100.00,0.05,Not Specified,,
148,"Data Protection Business Analyst, Info Protection & Gov, WW DSS",Not Specified,"Analytics, Data protection, Data and analytics roadmap development, Business dashboards, Security analysis, Privacy analysis, Risk analysis, Statistical/data visualization tools, Excel, Power BI, SQL, Microsoft BI/SQL stack, Data modeling, Metrics infrastructure development","Education:, BA/BS degree or equivalent",140100.00,0.05,Not Specified,,
149,"Director, Customer Service Product and Tools",Not Specified,"Technology strategy development, Leadership in technology platforms, Product ownership, Stakeholder collaboration, Development of technology standards, Technology performance evaluation, Continuous improvement in technology platforms, Team management and mentoring, Experience with customer service technology packages, Custom development experience, Knowledge of mobile trends and emerging technologies, Communication skills, Program management, Operational excellence, Experience with Salesforce Service Cloud, Vanilla, and Sprinklr",Not Specified,140100.00,0.05,Not Specified,,
150,"Data Analyst Modeler, VP",Not Specified,"Data Analysis, Project Management, Data Analytics and Visualization Tools, Data Governance, Master Data Management (MDM), Data Quality, Data Architecture, Data Integration, Data Dictionary, Database Design, Data Warehousing, Entity Hierarchies, Financial Data Analysis, Systems Development",Not Specified,140100.00,0.05,Not Specified,,
151,"VP of Technology, eCommerce",Not Specified,"eCommerce, Team leadership, Agile development, Full-stack development, Object-oriented design, Data warehousing, Cloud-based services, Technology team management","Skills Related to Education:, Vision, Aptitude for building innovative systems, Cross-platform knowledge with strong familiarity with both .NET and open source technology, Deep knowledge of current and emerging technologies, software development, and analysis",140100.00,0.05,Not Specified,,
152,Machine Learning Engineer,Not Specified,"Machine Learning, Data Science, Recommendation Systems, Information Retrieval, Natural Language Processing, Large Scale Systems, Distributed Systems, Java, C++, Scala, Python, Linux, Data Structures, Algorithms, Profiling/Optimization",Not Specified,140100.00,0.05,Not Specified,,
153,"Software Engineer, Deep Learning",Not Specified,"Computer Vision, Deep Learning, C++, Python","Education-Related Skills:, B.S. or M.S. in Computer Science, Applied Math or similar related field",140100.00,0.05,Not Specified,,
154,RESEARCH STUDY ASSISTANT,Not Specified,"Data entry, Data collection, Data organization, Research data verification, Literature review, Human subjects applications preparation, Consent forms preparation, Progress reports preparation, Inventory management, Knowledge of autism and early development, Microsoft Word proficiency, Microsoft Excel proficiency",Not Specified,140100.00,0.05,Not Specified,,
155,Enterprise Data Architecture,Not Specified,"Data architecture, Data modeling, Data science platforms, Hadoop, NoSQL databases (HBase, Neo4j, RDF), Data visualization platforms, SQL, Shell Scripts, R programming, Python programming, Big data technology stack","Education-Related Skills:, University degree in Technology, Business, or related field",140100.00,0.05,Not Specified,,
156,System Administrator SFO,Not Specified,"Server operations, NTFS file permissions, Server troubleshooting, Server Hardware, Server Software/operating systems, Basic network topology, Windows 7 and 10 operating systems, Call tracking applications, Customer service practices","Skills Related to Education:, Bachelor’s degree in Computer Science, BSc/BA in IT, Computer Science or relevant field",140100.00,0.05,Not Specified,,
157,"Software Program Manager, Cloud Services",Not Specified,"Cloud architecture, DevOps, Micro-service architecture, Program/project management, Agile software development, Software engineering, Web technologies, Mobile platforms, IaaS/PaaS, DevOps automation, SaaS platforms, Software test methodologies",Not Specified,140100.00,0.05,Not Specified,,
158,Database Architect,Not Specified,"Database Administration, SQL Server, Structured Query Language (SQL), SQL Server Analysis Services, SQL Server Reporting Services, SQL Server Integration Services, Microsoft Visual Studio Team Services (VSTS), Microsoft Azure IaaS/PaaS, CI/CD strategies, Data classification and protection, Database performance tuning, Cloud computing strategies",Not Specified,140100.00,0.05,Not Specified,,
159,Software Test Engineer,Not Specified,"Manual software unit testing, Test plan development, Test script writing, Traceability from requirements to test status, Automation testing tools, Structured programming (C/C++), Microsoft SQL Server, Agile software development, Team Foundation Server, Visual Studio Team Services, TestComplete, Microsoft Test Manager, Machine learning and artificial intelligence tools","Education-Related Skills:, BS/MS in Computer Science or equivalent degree",140100.00,0.05,Not Specified,,
160,Quality Manager,Not Specified,"APQP/PPAP/FMEA, Corrective Action, Statistical Process Control (SPC), Root Cause Analysis, Gauge R&R, Failure and test data analysis, Process Capability, Control, and Improvement, Supplier Auditing, Reliability Assurance, Internal Auditing, ISO9001:2008, TQM, Lean, Six Sigma, Electronics device design, Tier 1 & 2 automotive component manufacturing","Experience-Related Skills:, years of experience in quality management or equivalent combination of education and experience, Experience in electronics device design, Tier 1 & 2 automotive component manufacturing or similar fields",140100.00,0.05,Not Specified,,
161,Oracle Database Administrator,Not Specified,"Oracle DBA, Oracle 8i-12c, SQL queries, Stored procedures, Triggers, Views, Packages, Database security, Backup and recovery","Education-Related Skills:, Oracle Certified Associate (OCA)",140100.00,0.05,Not Specified,,
162,Learning Experience Manager,Not Specified,"Technical Skills (Education Related):, Bachelor's degree, K-12 education experience, Experience with student-centered pedagogies, Experience leading professional development programs, Curriculum development, Instructional coaching",Not Specified,140100.00,0.05,Not Specified,,
163,Employee Fraud Detection Risk Manager - Monitoring and Analytics,Not Specified,"Fraud rules development, Fraud analysis techniques, Data analytics, Microsoft Office applications, Actimize or similar system, SAS, SQL",Not Specified,140100.00,0.05,Not Specified,,
164,Data Scientist Intern,Not Specified,"Technical skills:, Machine learning techniques, Statistical analysis, Data mining, Data collection, Data cleansing, Data verification, Ad-hoc analysis, Automation of machine learning systems, Machine learning algorithms (e.g., k-NN, Naive Bayes, SVM), Data science toolkits (e.g., R, Scikit-learn, NumPy, Tensorflow), Data visualization tools (e.g., D3.js, GGplot), Query languages (e.g., SQL), NoSQL databases, Applied statistics, Scripting and programming (Python, Java)","Skills related to education:, B.S. or higher in Computer Science, Software Engineering, Information Science, Mathematics, Statistics, Electrical Engineering, Physics or related fields",140100.00,0.05,Not Specified,,
165,Operations Manager (Seattle) - JUMP,Not Specified,"Leadership, Problem Solving, Process Optimization, Project Management, Software Tools, Data/Analytics",Not Specified,140100.00,0.05,Not Specified,,
166,Admissions Consultant - Remote,Not Specified,"Sales, Recruiting, Database management, Customer service, Data gathering and entry","Related to Education:, Degree preferred for education or 4 years comparable experience in sales.",140100.00,0.05,Not Specified,,
167,SCADA Engineer,Not Specified,"Configuring SCADA hardware and software, Modifying PLCs and HMI applications, Performing factory functional testing, Developing and implementing solutions to resolve customer issues, Training customers on how to operate products and applications, Implementing standard engineering practices, Strong knowledge of VBA, Knowledge of computer hardware and network components, Strong understanding of networking essentials and Microsoft operating systems, Experience with industrial programming software packages","Education-Related Skills:, Bachelor’s Degree in Engineering or comparable",140100.00,0.05,Not Specified,,
168,"Business Services Analyst, HRPP",Not Specified,"Financial administration, Budget development, Cost recovery support, Financial monitoring, Expense reporting, Variance monitoring, Invoicing & payments, Compliance with federal regulations, Strategic budget development, Financial reporting, Purchasing, Reconciliations","Skills Related to Education:, Research ethics",140100.00,0.05,Not Specified,,
169,Senior Data Business Analyst,Not Specified,"Data analysis, Statistical modeling, Data manipulation, Data visualization, SQL, Tableau, Excel, HTML, JavaScript, SAP HANA, Understanding of relational databases",Not Specified,140100.00,0.05,Not Specified,,
170,Sales & Marketing Database Intern (Part-time),Not Specified,"Salesforce.com, Excel, Data Management, CRM Platform",Not Specified,140100.00,0.05,Not Specified,,
171,Clinical Research Data Manager 2,Not Specified,"Data Management, Clinical Trials, Research Conduct, Regulatory Compliance, Microsoft Word, Excel, Adobe Acrobat, Data Analysis, Medical/Clinical Terminology",Not Specified,140100.00,0.05,Not Specified,,
172,"Product Manager, Data & Analytics",Not Specified,"SQL, Kanban or Scrum, Product Design, Analytical tools/methodologies, Data Infrastructure",Not Specified,140100.00,0.05,Not Specified,,
173,Junior Medical Data Analyst,Not Specified,"Data Analysis, Excel, Database Management, Microsoft Office, Healthcare and Managed Care Terminology, Spreadsheet Management, Data Review",Not Specified,140100.00,0.05,Not Specified,,
174,Enterprise Architect,Not Specified,"Solution design, Implementation approach, Pre-sales, Post-sale, Project delivery, Solution architecture, Governance, Banking industry knowledge, Banking solutions, Communication skills, Presentation skills, Organizational skills",Not Specified,140100.00,0.05,Not Specified,,
175,"Analyst, Business Operations",Not Specified,"Data analysis, Configuration management, Process improvement, Root cause analysis, Business fundamentals, Technical background, Manufacturing processes, MS Excel, MS PowerPoint","Education-Related Skills:, Degree in Engineering, MS or MBA (a plus)",140100.00,0.05,Not Specified,,
176,AESP - Junior High General Clerical Class II-A,Not Specified,"Typing, Filing, Copying, Faxing, Minute-taking, Data compilation using Excel, Access, Google, and MDE websites",Not Specified,140100.00,0.05,Not Specified,,
177,Professional Services Architect,Not Specified,"Software implementations, Configuration, Integration, Troubleshooting, ERP integration, ETL/interface mapping, SQL, XML, File Transfer Protocols, ANSI X12, EDIFACT, JSON/JavaScript",Not Specified,140100.00,0.05,Not Specified,,
178,Machine Learning and Artificial Intelligence Senior Scientist,Not Specified,"Data Analytics, Machine Learning, Artificial Intelligence, Statistics, Research & Development, Robotics, Programming",Not Specified,140100.00,0.05,Not Specified,,
179,Infra Architect - Networking,Not Specified,"Network Architecting, Infra Architecting, Architecting, Network Data Architecting",None identified,140100.00,0.05,Not Specified,,
180,Quality Assurance Specialist,Not Specified,"Contract review, Technical data analysis, Communication skills, Risk management, Quality assurance, Supplier assessment, Pre-award surveys","Education-Related Skills:, Contract review, Technical data analysis, Quality assurance",140100.00,0.05,Not Specified,,
181,Solutions Architect,Not Specified,"Enterprise Architecture, Integration Practices, Operational Excellence, Project Management, Business Analytics, Cyber Security, Sales Skills, Networking",Not Specified,140100.00,0.05,Not Specified,,
182,Principal Administrative Specialist-NR,Not Specified,"Police Record/Dispatch, Public Safety, Law Enforcement, Criminal Justice, Minnesota Government Access (MGA), Minnesota Criminal History Records Maintenance (CHRMS), Minnesota Crash Reports (MnCrash), Minnesota Justice Information Systems (MNJIS), eCharging, eCitation, eWarrant, Minnesota Offense Coding, Uniform Crime Reporting, Records Management Systems (RMS), Computer Aided Dispatch (CAD), Zuercher/LETG, TriTech Public Safety suite of applications, Microsoft Office (MS Word, Excel, PowerPoint, Outlook)","Skills Related to Education:, Bachelor's Degree in relevant fields, Associate's Degree in relevant fields, High School Diploma/GED",140100.00,0.05,Not Specified,,
183,Director of Youth Hockey Operations,Not Specified,"Knowledge of USA Hockey rules and regulations, Management of league regulations, Statistical analysis (e.g., team rosters, player statistics), Experience with Sports Engine or similar platforms, Website management",Not Specified,140100.00,0.05,Not Specified,,
184,Purchasing/Inventory Control Administrator,Not Specified,"Purchasing, Inventory Control, Inventory Management, Supply Chain Management, Data Entry, Database Management, Inventory Analysis, Cost Negotiation, Vendor Management","Bachelor's degree in Supply Chain/Operations Management, Logistics, Business",140100.00,0.05,Not Specified,,
185,Full-Stack Developer,Not Specified,"LAMP stack, HTML5, CSS3, Sass/LESS, JavaScript/jQuery, Drupal, AWS, RackSpace, Wordpress, Git, Composer, Drush, GulpJS, AngularJS, KnockoutJS, BackboneJS, ReactJS, DurandalJS, Redis, Oracle, PostgreSQL, MongoDB, Nginx, IIS",Not Specified,140100.00,0.05,Not Specified,,
186,Full Stack Software Engineer,Not Specified,"Software design, Software development/configuration, Pair programming, Integration design and development, Performance tuning, Testing, Product monitoring, Automation, Configuration/modification, Dashboards and alerting, Commercial off the shelf solutions configuration, Scripting, Infrastructure monitoring, Service Level Objectives monitoring, Capacity monitoring, Modern software design, Scripting language (preferably JAVA), Web application frameworks (e.g., RUBY on Rails, Spring MVC, Node.js), Front-end technologies and frameworks (e.g., HTML, CSS, JavaScript, AngularJS, ReactJS, JQuery), SQL queries, Version control systems (preferably Git)",Not Specified,140100.00,0.05,Not Specified,,
187,Warehouse Worker,Not Specified,"Warehouse operations, Material handling equipment operation, Computerized warehouse systems, UPS shipments processing, Data input and record-keeping","Skills Related to Education:, High school diploma or GED required",140100.00,0.05,Not Specified,,
188,IT Systems Administrator,Not Specified,"Windows OS, Microsoft Active Directory, Office 365, Networking/Routing, VMWare, SANs, Checkpoint Firewalls, Newforma Project Center, Windows Server, Hyper-V, SharePoint, OS patch management, Data backup and recovery, System monitoring, Cyber security threat detection, System administration automation",Education: Microsoft Certified Systems Administrator (MCSA) Certification,140100.00,0.05,Not Specified,,
189,JOIN BLUR'S RECRUITING DATABASE!,Not Specified,"Artistic skills, Video editing, Reel creation","Education: Not specified, Experience: Not specified",140100.00,0.05,Not Specified,,
190,Cyber Information Systems Security Analyst 2,Not Specified,"Information Security, Networking, Compliance Audits, Vulnerability Assessments, Certification and Accreditation, Security Test and Evaluation (ST&E), Security Plans, Plan of Actions and Milestones (POA&M), Security Certifications (CAP, GSLC, Security+ CE), Special Access Programs (SAP/SAR)","Education-Related Skills:, Bachelor's Degree, Master's Degree, Current IAM DoD level 1 Security certification",140100.00,0.05,Not Specified,,
191,"Software Engineer - Full Stack, SF",Not Specified,"DevOps, Machine learning, Cloud-based development, Graph data analysis, Distributed computing, User interface development, Software development lifecycle (SDLC), Jupyter, TensorFlow, JavaScript, Microsoft SQL Server, Google Cloud Platform (GCP), Amazon Cloud Service, ReactJS, Node.js, MongoDB","Education-related skills:, Experience with specific technologies or platforms",140100.00,0.05,Not Specified,,
192,Data Scientist - Analytics Engineering,Not Specified,"Statistical Analysis, Machine Learning, Python, R, Pandas, Scikit-learn, Numpy, Scipy, TensorFlow, Spark, Data Visualization (Tableau), SQL, Data Warehousing, ETL, AWS Services (S3, RDS, Redshift)","Related to Education:, Advanced Degree in related quantitative fields or clear demonstration of 2-5 years of relevant experience",140100.00,0.05,Not Specified,,
193,Full Stack Engineer,Not Specified,"Python, React, PostgreSQL, Flask, AWS, HTML, CSS, JavaScript, MVC architectures, Ruby, SQL, RDBMS modeling/performance, Linux environment, Single Page Apps, Redux","Skills Related to Education:, Bachelors Degree in Computer Science",140100.00,0.05,Not Specified,,
194,Don't See an Exact Fit to Your Profile? Apply Here.,Not Specified,"G connectivity, K video, Augmented reality, Autonomous driving, Drone delivery, Inflight internet, Wireless network infrastructure, Broadband network infrastructure, Holographic Beam Forming (HBF), Electromagnetic physics, Software-defined antenna technology, Capacity and spectral efficiency, Patented antenna technology, Wireless access challenges, Artificial intelligence, Machine learning","Education:, Degrees in engineering, computer science, or related fields",140100.00,0.05,Not Specified,,
195,Data Analyst - SCPA Administration,Not Specified,"HIPAA compliance, Data input, Problem-solving, Electronic Health Records, MS Office, ICD-9 and ICD-10, Medical terminology, Multi-tasking, Electronic Patient Management systems, Knowledge of community resources, Clinical education programs, Care planning","Education-related Skills:, High School Graduate or equivalent, Accredited Community Health Worker Program completion, Some college credits (preferred), Experience in a fast-paced healthcare environment (preferred)",140100.00,0.05,Not Specified,,
196,Maintenance Worker 056010,Not Specified,"Carpentry, Plumbing, Pneumatic system maintenance, Automated dispensing system repair, Electrical/mechanical system monitoring, Vehicle maintenance, Building maintenance, Inventory database maintenance",Not Specified,140100.00,0.05,Not Specified,,
197,Product Data Management Specialist - Entry Level,Not Specified,"Corrective action process, Problem reporting system, Change Control Board, SCM processes, File management, Version control, Data upload and management, Document maintenance, Database proficiency","Skills related to Education:, AA Degree in related discipline",140100.00,0.05,Not Specified,,
198,Database Administrator (DBA),Not Specified,"MS SQL Server database installation and maintenance, SQL programming and stored procedure development, Database backup and recovery procedures, Data validation, Automation scripting, Database security, Database management and system upgrades, Data storage and retrieval technologies, Technical support for mail processing system, SSRS reporting, PowerShell",Education: Bachelor's degree from a four-year college or university,140100.00,0.05,Not Specified,,
199,"Game Data Analyst, Monetization",Not Specified,"Data analysis, Project management, Database querying, Schema drafting, ETL process, Documentation, Tableau, Looker, Python, SQL, Data mining",Not Specified,140100.00,0.05,Not Specified,,
200,Business Analytics Specialist,Not Specified,"Analytical skills, Data visualization, Storytelling techniques, Tools and analytical techniques, Microsoft Excel (pivot tables, lookups, graphing, charting functionality), Power BI",Not Specified,140100.00,0.05,Not Specified,,
201,Recruiter,Not Specified,"Full-cycle recruiting, Candidate evaluation, Interview process management, Offer negotiation, Customer relationship management, Analytical skills, Data-driven approach, Strong communication skills",Not Specified,140100.00,0.05,Not Specified,,
202,Director of Operations,Not Specified,"Test Operations, Root Cause Failure Analysis, Hardware/Software Design Change, Failure Analysis, Continuous Improvement, ECO Implementation, ESD Regulations, Test Efficiency, Quality Assurance",Not Specified,140100.00,0.05,Not Specified,,
203,Digital Media Analyst,Not Specified,"Marketing analytics, Direct response digital media, Metrics analysis, Budgeting, Online to offline attribution, Multi-touch attribution, Media mix modeling, Optimization techniques, Testing strategies (A/B, multivariate), SEM/Paid Search, Social Media, Display/Digital Media, Data analysis, Data visualization, Excel (vlookups, pivot tables, graphs, formulas), Tableau, Spotfire, Domo, Microsoft BI, Google Analytics",Not Specified,140100.00,0.05,Not Specified,,
204,"Director, Analytics & Data Operations",Not Specified,"Salesforce Einstein Analytics, SQL, Tableau, Looker, Qlik, Business Intelligence/Analytics",Not Specified,140100.00,0.05,Not Specified,,
205,Microservices Architect,Not Specified,"Application Architecture, Microservices solutions, Client management, Solution architecture, Cloud/DevOps environment, APIs, PaaS environment, Bluemix, AWS, Azure, Agile methodology","Education-Related Skills:, Application Architecture, Microservices solutions",140100.00,0.05,Not Specified,,
206,Deep Learning Computer Architect,Not Specified,"Machine Learning, Deep Neural Networks, DNN Training Frameworks (Caffe, TensorFlow, Torch), Numerical Analysis, Performance Analysis and Optimization, Computer Architecture, C++, Python, GPU Computing (CUDA, OpenCL, OpenACC), HPC (MPI, OpenMP)",Not Specified,140100.00,0.05,Not Specified,,
207,"Chrome Browser Customer Engineer, Google Cloud",Not Specified,"Architecting, deploying, and operating mid-to-large scale enterprise end-point computing solutions, Device management and application solutions (e.g. Windows GPO/AD), Experience with end-user compute IT administration (Windows, Mac, Linux, virtualized environments), User directory services (Active Directory) and Identity Management (SSO, SAML), Device management applications (JAMF, EMM solutions like Intune/AirWatch), Application packaging and deployment technologies (SCCM, Landesk), Creating technical collateral and demo videos, Building Proof of Concept environments",Not Specified,140100.00,0.05,Not Specified,,
208,"Data Analyst, Stitcher",Not Specified,"SQL, Python, Data pipeline systems, Information visualization tools, Multimedia data systems, BI & reporting dashboards","Education:, Bachelor of Science in computer science, engineering, math or statistics or equivalent experience",140100.00,0.05,Not Specified,,
209,UC Helpdesk Level 1,Not Specified,"Basic understanding of Cisco Unified Communications Manager/Unity Connection/Contact Center Express applications, Understanding of TCP/IP and OSI models, Knowledge of IPv4 and IPv6, Familiarity with remote access tools like Telnet, SSH, VNC, RDP, Ability to use network monitoring tools, Proficiency in capturing trace files, debugs, sniffers, etc., Familiarity with Cisco troubleshooting documentation and tools like Bug Search/Product Compatibility Matrix/License Management tool","Skills Related to Education:, Cisco Certified Network Associate (CCNA) Voice certification, CompTIA A+ certification (preferred), Microsoft Certified Professional (MCP) certification (preferred)",140100.00,0.05,Not Specified,,
210,"Info Security Engineer 5: Security Content Development Data Quality
Engineering",Not Specified,"Splunk, Regular Expression (regex), Information Security, Security Information and Event Management (SIEM) products, Data security controls, Linux, UNIX, Windows server operating systems, Information Security Tools Development, SDLC (System Development Life Cycle), Web application security vulnerability detection and mitigation, Application security planning and security architecture, Cyber threat management capabilities and functions, Banking or financial services industry, Networking Protocols: TCP/IP, UDP, Database platforms: MS SQL, Oracle, MySQL, YARA and Snort signature, Scripting languages: WMI, SQL, VBScript, Python",Not Specified,140100.00,0.05,Not Specified,,
211,IT Contract Administrator II - Information Management Division,Not Specified,"Contract administration, Contract negotiation, Compliance monitoring, Policy development, Financial analysis, Legal document preparation",Not Specified,140100.00,0.05,Not Specified,,
212,Data Architect,Not Specified,"Data architecture, Data warehousing, Data standards, Data dictionary, Database engineering, Technology vision, Technical specifications, SQL, SSIS, Mongo DB, Microsoft SQL Server, ERD design",Not Specified,140100.00,0.05,Not Specified,,
213,Audit Manager - Phoenix,Not Specified,"Audit, Accounting, Budgeting, Data interrogation, Data analysis, Process flow automation, Artificial intelligence, Advanced analytics, Accounting tools and technology","Skills Related to Education:, Bachelor’s degree in accounting or related field, Certified Public Accountant (CPA) certification, Advanced degree in accounting or related field",140100.00,0.05,Not Specified,,
214,Clinical Data Manager,Not Specified,"Data management, Clinical data review, Data auditing, Database design, Data analysis, Data validation, Test data development, User acceptance testing, Logic checks design","Education-related:, BA/BS degree in biological sciences or related disciplines",140100.00,0.05,Not Specified,,
215,Software Engineer - Big Data/Spark/Kafka,Not Specified,"Big Data, Hadoop, Java, Open Source Software, Enterprise Software Design, Data Services, Middleware, Hadoop HDFS, Hive, Spark, Kafka Streaming, Impala, Cassandra",Not Specified,140100.00,0.05,Not Specified,,
216,Communications Architect,Not Specified,"Microsoft Skype for Business, Unified Communications, Video bridging solutions, Office 365, Active Directory, PowerShell Scripting, Lync troubleshooting, Log analysis",None identified,140100.00,0.05,Not Specified,,
217,Warehouse Manager,Not Specified,"Warehouse management, Transportation operations, Financial analysis, Inventory control, Sanitation management, Performance management, Organizational skills","Education-Related Skills:, High school diploma or GED, Associate’s degree preferred",140100.00,0.05,Not Specified,,
218,Cloud IoT Architect,Not Specified,"Data pipelines, Big data placement and processing frameworks, Hot path data processing, Scalable solutions for data storage and processing, Connecting big data with neural network systems, Data analytics, IoT streaming data processing, Azure or AWS cloud systems, Spark, Neural Networks, C/C++, Python, Java, R, Spark, Storm, NoSQL, Hadoop/HBase","Skills related to education:, Masters or PhD in Computer Science, preferably with a focus on data science/AI",140100.00,0.05,Not Specified,,
219,Director of Facilities,Not Specified,"Real Estate Strategy, Lease Management, Project Management, Vendor Management, Budgeting, Building Maintenance, Safety and Security Systems, RFP/RFI Process, Compliance with Regulations",Not Specified,140100.00,0.05,Not Specified,,
220,Senior Systems Administrator,Not Specified,"Red Hat Enterprise Linux and Suse Linux administration, Enterprise cluster applications, DNS, Sendmail, Bind, SSH, TCP/IP, and NFS, Enterprise class storage systems and Netapp filers, Perl and Shell scripting, Change control procedures, Configuration management tools (Puppet, Chef, CFengine), Storage array networks, Veritas VXFS, VXVM, and Cluster, NFS and NetApp hardware","Education:, Not specified",140100.00,0.05,Not Specified,,
221,Quality Assurance Manager,Not Specified,"QA methodology and tools, Automation strategy, Troubleshooting, Networking concepts, Performance benchmarking, Machine Learning, Computer Vision, Audio/video data streaming, Test case creation, Data analysis, Risk evaluation, Root cause analysis, Device interoperability testing",Not Specified,140100.00,0.05,Not Specified,,
222,Maria Goeppert Mayer Fellowship,Not Specified,"Scientific Research, Engineering Research, Quantum Information Sciences, Artificial Intelligence, STEM Disciplines, Basic and Applied Research, Research Proposal Writing, Research Project Planning","Doctoral Degree, Academic Achievements, Graduate Transcripts",140100.00,0.05,Not Specified,,
223,IT Software Engineer Consultant,Not Specified,"Cerner EMR, CCL, Programming, Testing, Change Control, Project Planning",Not Specified,140100.00,0.05,Not Specified,,
224,Systems Integration Engr II,Not Specified,"HL7, Java, JavaScript, NT Scripts, Microsoft SQL, TCP/IP, Windows Server, Visio, Visual Basic, HTML, XML","Skills Related to Education:, Bachelor's degree in Information Technology, Computer Science, Business Administration or Management",140100.00,0.05,Not Specified,,
225,"Operations Supervisor, Production Facilities (Day Shift)",Not Specified,"Operations Management, Policy Formulation, Resource Planning, Training and Development, Problem Solving, Data Analysis, Incident Management, Task Execution Verification, Performance Measurement","Skills Related to Education:, years of college/technical school or equivalent work experience, Knowledge in Personal Protective Equipment (PPE), Lock/Out-Tag/Out (LOTO) Protocol, Computer Literacy",140100.00,0.05,Not Specified,,
226,Shop Clerk,Not Specified,"Microsoft Outlook, Microsoft Word, Microsoft Excel, Microsoft Access, Microsoft PowerPoint","High School Diploma or equivalent, Associates or Bachelors degree preferred",140100.00,0.05,Not Specified,,
227,Cloud Consultant,Not Specified,"Cloud Computing, DevOps, Architecture Design, Application Development, Amazon Web Services (AWS), Microsoft Azure, Google Cloud, Automated Deployments, Agile Methodology",Not Specified,140100.00,0.05,Not Specified,,
228,"Associate Director, Data Scientist (Information Architecture)",Not Specified,"Data Architecture, Big Data, Customer Journey Analytics, ETL, Data Modeling, Data Analysis, Data Quality Management, Data Enrichment, SQL, Lean Six Sigma",Not Specified,140100.00,0.05,Not Specified,,
229,Network Engineer Intern,Not Specified,"LAN/WAN, Route/Switch, Data Center, Virtualization, Cloud Implementation, Microsoft Technologies, Cisco Technologies, EMC Technologies, NetApp Technologies","Skills Related to Education:, Major in Computer or Networking field, Computer Science, Electrical Engineering, Computer Engineering, Management Information Systems",140100.00,0.05,Not Specified,,
230,"Business Intelligence Financial Analyst, Sr.",Not Specified,"Financial statement analytics, Budgeting and forecasting, Business plan development, Business optimization projects, Data analysis, Financial planning, Healthcare experience",Not Specified,140100.00,0.05,Not Specified,,
231,Cloud Engineer,Not Specified,"Cloud Model Engineering, Software Development, Application Design, Performance Review, Troubleshooting, System Documentation, Infrastructure Support, Operating Systems Management, Virtualization, Quality Control, Testing, Technology Evaluation, Technology Leadership",Not Specified,140100.00,0.05,Not Specified,,
232,Technical Domain Architect,Not Specified,"Systems/Network Architecture, IT Service Management, Network Architecture, System Architecture, DevOps, Cloud Computing, Network, Application, and Systems Engineering, Planning and Managing IT Enterprise Architecture Frameworks, IT Infrastructure Library (ITIL), IT Strategic Planning",Not Specified,140100.00,0.05,Not Specified,,
233,"Project Employee, NBA G League Statistics",Not Specified,"Basketball knowledge, Basketball statistics, Data management, Database management, Proficiency in MS Word, Excel, & PowerPoint",Bachelor's degree required,140100.00,0.05,Not Specified,,
234,"Client Solutions Manager, Seattle",Not Specified,"Marketing Solutions, Data Analysis, Marketing Strategy, Media Planning, Measurement Metrics, Relationship Management, Project Management, Digital Media Platforms, Data Analysis in Excel, Problem Solving, Decision Making, Presentation Skills, SQL, Statistical Analysis, Ad Technology",Not Specified,140100.00,0.05,Not Specified,,
235,Sr. Data Engineer,Not Specified,"C, NET Framework, Microsoft SQL Server, Developing software routines, Database design, Yield improvement engineering, Design engineering, Product engineering, Data analysis, NET library","Education-Related Skills:, BS/BA in a relevant field",140100.00,0.05,Not Specified,,
236,Database Management Specialist ASU,Not Specified,"Database Administration, Website Administration, Database Management, User Training Development","Education-Related Skills:, Bachelor's Degree (in relevant field)",140100.00,0.05,Not Specified,,
237,Onsite Customer Service Admin (Google),Not Specified,Freight Forwarding 2. Import/Export Services 3. International Ocean and Air Freight Forwarding 4. Customs Brokerage 5. Supply Chain Management 6. Account Management 7. Customer Service 8. Logistics 9. Regulatory Compliance 10. Data Analysis 11. Standard Operating Procedures (SOPs) 12. Key Performance Indicators (KPIs) 13. Service Quality Indicators (SQIs),Education-Related Skills: Bachelor's degree/equivalent,140100.00,0.05,Not Specified,,
238,Business Intelligence Analyst,Not Specified,"Tableau, Excel, Data warehouse, Star and snowflake schemas, SQL, AWS Services, Kinesis, Lambda, Alteryx, Data dashboards, SPSS",Not Specified,140100.00,0.05,Not Specified,,
239,Social Media Content Analyst,Not Specified,"JavaScript, jQuery, Web Development, Mobile Ad Development, Ad Development Tools, Animation Design, Image Galleries, Internet/Intranet Pages Development","Education-related Skills:, Graduate",140100.00,0.05,Not Specified,,
240,Emissions Lab Intern,Not Specified,"Basic understanding of automotive technology, Testing methods, Strong computer skills, Basic programming skills, Hand tools usage, Problem-solving abilities, Written and verbal communication skills, Vehicle emissions testing",Not Specified,140100.00,0.05,Not Specified,,
241,Packer Order Filler,Not Specified,"Operating filling and packaging equipment, Basic math skills, Hazardous Material Safety and DOT training, Total Production Management (TPM), Continuous Improvement Systems, Data entry and documentation",High School diploma or equivalent,140100.00,0.05,Not Specified,,
242,Operations Analyst (Entry Level),Not Specified,"Microsoft Excel skills, Tax reporting experience, Data mapping and importing, Print file creation, Transmittal file creation","Skills related to education:, Bachelor's Degree",140100.00,0.05,Not Specified,,
243,"Data Scientist, Engineering",Not Specified,"Data analysis, Statistical methods, Data gathering, Data processing, Database languages (e.g., SQL), Statistical software (e.g., R, Julia, MATLAB, pandas), Machine learning, Mathematical modeling, Forecasting, Optimization methods",Not Specified,140100.00,0.05,Not Specified,,
244,Level 1 Systems Administrator,Not Specified,"Windows Server administration, Network administration, Hardware and software knowledge, Windows Server 2008 R2 and higher, SQL Server 2008 R2 and higher, Active Directory Maintenance, Group Policy management, Hyper-V Management & Replication, VMWare/vSAN Technologies, TCP/IP protocol suite, Industry standard security policies, Vulnerability scanning, Change configuration management, Sophos hardware and software, Backup and recovery processes, PowerShell scripting, Storage technology",Not Specified,140100.00,0.05,Not Specified,,
245,RPA Architect,Not Specified,"RPA concepts, Process assessment, RPA platforms (Blue Prism, Automation Anywhere, UI Path), Technology and architecture concepts, Process documentation and analysis, Business analysis, System requirements specification, Problem-solving, Presentation skills","Education-Related Skills:, Consulting experience",140100.00,0.05,Not Specified,,
246,Statistician I,Not Specified,"Data management, Statistical analysis, Programming languages (e.g., SAS, SPSS, R, MPlus), Database management, Data manipulation, Data documentation, Data analysis, Research proposal development","Skills Related to Education:, Bachelor's degree in a behavioral science-related field",140100.00,0.05,Not Specified,,
247,Game Security Analyst,Not Specified,"C, C++, Cheat Engine, IDA, Databases, Client-server and peer-to-peer gaming architectures, Process automation, Intelligence analysis, Tool and utility creation","Skills Related to Education:, Technical background in C, C++, Cheat Engine, IDA",140100.00,0.05,Not Specified,,
248,Actuarial Analyst- Exam,Not Specified,"Actuarial Science, Mathematics, Statistics, Quantitative Coursework, Actuarial Exams, Spreadsheets, Databases, Excel, Word, Access, PowerPoint, VBA, SAS, R, @Risk",Not Specified,140100.00,0.05,Not Specified,,
249,"Senior Product Manager - Zestimate, Artificial Intelligence",Not Specified,"Product vision and strategy development, Metrics-driven product development, Product specifications and user scenarios creation, Data analysis, Machine learning principles, AWS technologies (Amazon Redshift, Hadoop, Hive, Presto), Spark, Python, Scala, Statistics principles",Not Specified,140100.00,0.05,Not Specified,,
250,Test & Evaluation Lab Technician- Junior Level,Not Specified,"Test planning, Test execution, Test documentation, System design, Component fabrication, Test fixture assembly, Data analysis, Troubleshooting, Calibration",These skills are related to both education and experience.,140100.00,0.05,Not Specified,,
251,Software/Data Architect,Not Specified,"Data design, Database architecture, Metadata creation, Repository creation, Dimensional databases, Data warehousing blueprints, Hardware and software platform evaluation, Data cleaning, Object and data modeling","Skills related to education:, Bachelor's Degree in Computer Science, Engineering, or a related technical discipline",140100.00,0.05,Not Specified,,
252,"Strategic Architect, Professional Services",Not Specified,"Data Integration, BI, Data Warehousing, MDM, Application Integration, Cloud Infrastructure (AWS, Google, Azure), Big Data, RDBMS, Data Management, Data Quality, Data Governance, Data Architecture, Hadoop, Spark, Linux/Unix",Not Specified,140100.00,0.05,Not Specified,,
253,"Product Analyst, Data Science",Not Specified,"Data analysis, Statistical packages (R, SAS, Stata, MATLAB), SQL, Scripting with SQL, ETL flows design, Measurement and statistics, Program evaluation","BA/BS or Master's degree with a quantitative emphasis (Statistics, Computer Science, Engineering, Mathematics, Data Sciences)",140100.00,0.05,Not Specified,,
254,Video / Audio Specialist,Not Specified,"Video editing, Animation, Graphic design, Transcription, Adobe Creative Suite (Photoshop, Premiere Pro), Motion graphics creation, Audio editing, Camera operation, Lighting equipment, Audio equipment, Podcast editing, Final Cut Pro","Skills related to education:, Knowledge of Adobe Creative Suite, Experience with Final Cut Pro",140100.00,0.05,Not Specified,,
255,IT Network Architect,Not Specified,"SDWAN, Datacenter Fabric, Cloud Interconnection, rd Party Connectivity, Network Standards, OSPF and BGP, Datacenter Equipment (Cisco Nexus, ASR Routers, F5), Troubleshooting, IP Networks, SDN Networks (VMware NSX, Cisco ACI, Nokia Nuage), High-Level Design (HLD) Documentation",Not Specified,140100.00,0.05,Not Specified,,
256,Senior Network Architect,Not Specified,"Technical skills:, Architecture, Technology standards, Technical analysis, Proof of concept, Networking design, TCP/UDP, Routing protocols (EIGRP, OSPF, BGP), DNS, SNMP, IP addressing, Satellite networks, Redundant network systems design, Infrastructure sizing, Cisco Nexus switches, SAN switches, Wireless infrastructure, Cisco UCS, F5","Related to education:, Bachelor's Degree in Computer Science or related fields",140100.00,0.05,Not Specified,,
257,"Production Quality Manager, Cabinetry",Not Specified,"Quality Assurance, AS9100, FAA Parts 21 & 121, Part 145, Supplier Quality Management, Continuous Improvement, Root Cause Analysis, Performance Metrics, Data Analysis, Microsoft Office, MRP/ERP Systems",Not Specified,140100.00,0.05,Not Specified,,
258,Plans Examiner- Development Services,Not Specified,"Residential and commercial plans examiner work, Knowledge of applicable building codes, Reviewing plans and plan revisions, Interpreting codes and processes, Coordinating plan reviews with various departments, ICC Building Plans Examiner Certification","Education-Related Skills:, Knowledge acquired through two years of college resulting in an Associate's degree",140100.00,0.05,Not Specified,,
259,WAREHOUSE SUPERVISOR,Not Specified,"Supervision, Training, Coaching, Inventory Management, Documentation, Warehouse Procedures, Problem Solving, Project Management, Forklift Training, Incident Investigations, SSOP Implementation, Computer Skills, Warehouse Management Systems","Skills related to Education:, B.S./B.A. degree in Business Management or Industrial Management",140100.00,0.05,Not Specified,,
260,Identity Architect,Not Specified,Not Specified,Not Specified,140100.00,0.05,Not Specified,,
261,Cloud Architect,Not Specified,"Architecting software for home network devices, Virtual CPE technologies, Understanding of cloud architecture, Thread programming, IPC (Inter-Process Communication), Network protocols in LINUX, Cloud Technologies including AWS","Education-Related Skills:, Understanding of network protocols in LINUX, Cloud Technologies, Virtual CPE technologies",140100.00,0.05,Not Specified,,
262,Messaging / Active Directory Administrator,Not Specified,"Messaging systems, Active Directory, Systems infrastructure, Advanced systems concepts, Data analysis, Technology evaluation, Cost/benefit analysis, New technology evaluation, Network security","Related to Education:, Advanced systems concepts, Network security",140100.00,0.05,Not Specified,,
263,"SAP Cloud Consultant, Google Cloud Professional Services",Not Specified,"SAP Cloud Computing Solutions, SAP HANA, SAP Business Suite and Business Warehouse, SAP Hybris, SAP Business Objects, SAP Sybase, SAP Leonardo Suite, Architecture Design, Infrastructure Migration, Deployment Strategies, Public Cloud Platforms (Google Cloud Platform), Project Management, High Availability, Disaster Recovery, Multi-Tenancy, Scalability, Data Analysis, Troubleshooting",Not Specified,140100.00,0.05,Not Specified,,
264,"Manager, Quality Control",Not Specified,"Quality Control, Fabric Inspections, AQL Audits, Supplier Processes Review, Quality Procedures Definition, Statistical Analysis, Product Testing, Quality Assurance, Production Processes Knowledge",Not Specified,140100.00,0.05,Not Specified,,
265,Plant Systems Specialist,Not Specified,"IT methodologies, Project management, System design, System deployment, SCADA systems, Renewable energy systems, IT/OT network management, Cisco network equipment, Data concentrator and power plant controller equipment, Communication protocols, OSI Soft PI, Energy Management Systems, Meter Data Management System, NERC CIP controls, Technical documentation, Technical drawings, Energy Markets, Independent System Operators, Transmission Operators","Education Related:, -year technical degree in information technology or equivalent experience",140100.00,0.05,Not Specified,,
266,"Research Associate, Primary Research",Not Specified,"Data collection, Data management, Web research, Direct outreach, Email campaign management, Quality assurance, Technology-based tools","Related to Education:, Bachelor's degree",140100.00,0.05,Not Specified,,
267,Solutions Sales Engineer- Big Data & Analytics,Not Specified,"Predictive Maintenance, Machine Learning, Architecting Solutions, Technology Evaluations, Data Mapping, Data Science, Algorithms, Data Structures, Database Systems, Python, R, Scala, SAS, Hadoop, Spark, Data Engineering, Cloud Environments (AWS, Azure, Google Cloud), Industrial IoT, Big Data, Data Science Technologies","Skills Related to Education:, Bachelor’s degree/Diploma in a technology field",140100.00,0.05,Not Specified,,
268,Customer Success Specialist / Educational Consultant,Not Specified,"Access code management, Digital product proficiency, Learning Management Systems, Troubleshooting, Microsoft Office applications, Google Applications",Not Specified,140100.00,0.05,Not Specified,,
269,Software Architect – Data Center Networking,Not Specified,"Network Automation, Software Architecture, Software Development Lifecycle, Data Structures, Algorithms, Software Design, Component-Based Software Architecture, Agile Practices, Network Protocol Stack, L3 Switching, IP Routing, Network APIs, Python, Ansible, Analytical Skills, Debugging, Network Monitoring","Education-Related Skills:, BS degree in Computer Science or related field",140100.00,0.05,Not Specified,,
270,Full Stack Web Developer,Not Specified,"Full Stack Experience, Python/Golang, JavaScript, Web Frameworks, Web Technologies, Web Development, Linux, HTTP, Websocket, AWS (Amazon Web Services), Flask, SQLAlchemy, V8 (Browser tech), WebKit (Browser tech), Compositing, Native frameworks for desktop applications","Education:, No specific education requirements mentioned.",140100.00,0.05,Not Specified,,
271,Researcher 1,Not Specified,"BA/BS in the biological sciences, Comfort with working with mice, Previous laboratory experience with infectious agents and mouse handling, Classroom experience in immunology and/or molecular biology, Experience with blood and tissue collection, mouse infection, and in vitro cell culture","Skills related to education:, BA/BS in the biological sciences, Classroom experience in immunology and/or molecular biology",140100.00,0.05,Not Specified,,
272,"BIS - Data Architect - Regional Locations (Dewitt, Oneonta, Canton, Olean,
Jermyn or Burlington)",Not Specified,"Data modeling, Data integration, Database design, Metadata management, Data analysis, Data governance, Business intelligence tools, RDBMS/SQL, Change and configuration management","Education-Related Skills:, Bachelor's Degree in Computer Science or related technical degree",140100.00,0.05,Not Specified,,
273,Fall AI Lab Internship,Not Specified,"Machine Learning, Artificial Intelligence, Neural Networks, Speech modeling, Text modeling, Algorithms, Data Science, Statistics, Chat bots, Conversational AI, Neural networks, Natural Language Processing, Statistical modeling, Python, R, Deep learning frameworks (Tensorflow, Keras, CNTK, Gluon)","Skills related to education:, Master's or Doctoral program in Computer Science, Data Science, Statistics, or related field",140100.00,0.05,Not Specified,,
274,Group Insurance Proposal Consultant,Not Specified,"Project management, Strategic planning, Resource management, Relationship management, Research skills, Proposal development, Microsoft Office, Writing skills","Education-Related Skills:, Bachelor's degree",140100.00,0.05,Not Specified,,
275,Member Consultant Bellevue - Part Time,Not Specified,"Consumer lending, Opening new accounts, Teller services, Sales and service, Microsoft applications proficiency",Not Specified,140100.00,0.05,Not Specified,,
276,Quality Technologist,Not Specified,"Quality Assurance, Quality Management Systems, Manufacturing, ISO Quality Systems, Manufacturing Process Quality Controls, Data Analysis, Problem Solving","Skills Related to Education:, Bachelor’s Degree in a related field",140100.00,0.05,Not Specified,,
277,Fraud Analyst 4,Not Specified,"Fraud detection, Data interpretation, Merchant and credit card products knowledge","Related to education:, Technical or trade school certificate in business or computer science",140100.00,0.05,Not Specified,,
278,Agreement Administrator,Not Specified,"Data Entry, Spreadsheet Software, Database Software, Word processing",Not Specified,140100.00,0.05,Not Specified,,
279,"Hardware Engineer, Data Center Connectivity",Not Specified,"Hardware Engineering, Product Development, Fiber Optic Cables, Product Life Cycle Management, Statistical Data Analysis, Engineering Change Order (ECO), Mechanical Engineering",Bachelor's degree in Mechanical Engineering or Physical Science,140100.00,0.05,Not Specified,,
280,Compliance Analyst,Not Specified,"Knowledge of HIPAA, Medicare, Medicaid DMEPOS, Understanding of medical documentation and billing software applications, Ability to navigate systems and assist with routine auditing and monitoring activities, Strong organization skills, Attention to detail",Not Specified,140100.00,0.05,Not Specified,,
281,Administrative Specialist II,Not Specified,"Technical skills:, General office practices, Operating standard office equipment, Typing/keyboarding, Word processing, Basic mathematics, Software applications",Not Specified,140100.00,0.05,Not Specified,,
282,Cloud Engineering Architect,Not Specified,"Cloud/SaaS Applications Development, Microservices Architecture, Full Stack Development, Application Security, AWS Architecture, DevOps, RESTful Services, JavaScript Frameworks, HTML5 and CSS, Networking Protocols, Persistence Technologies, Container Technologies, Programming Languages (Java, Python, Go, Scala), Data Structures and Algorithms, CI/CD Tools","Education-Related Skills:, Bachelor's and/or Master's in Computer Science or related field",140100.00,0.05,Not Specified,,
283,"DB2 Database Administrator (Woodbury, MN)",Not Specified,"DB2 LUW/DB2 Mainframe databases, HADR, DB2 LUW internals, Database infrastructure design and implementation, DB2 scripting, Stored procedures and functions, SAP DB2 LUW environment, Linux Administration, Relational Database Administration",Not Specified,140100.00,0.05,Not Specified,,
284,"Youth Recreation Program Manager, 1.0 FTE",Not Specified,"Program planning, Staff recruitment and supervision, Event planning, Vendor management, Marketing, Registration management, Data management, Budgeting, First Aid and CPR certification",Not Specified,140100.00,0.05,Not Specified,,
285,MIS Director,Not Specified,"Enterprise scale UNIX/Mac/Windows, Networking and telecom operation and management, IT architectures and data center solutions, AV design and implementation, Data networking",Not Specified,140100.00,0.05,Not Specified,,
286,Integration Architect,Not Specified,"Integration Architectures, Development, Runtime Architectures, Operations Architectures, Integration Design Patterns, Service Oriented Architecture (SOA) Patterns, REST, XML, J2EE, Java, SOA Governance, Cloud-Based Services, Agile Methodologies, Model-Driven Techniques, Message-Driven Architectures, MuleSoft, Oracle SOA, Collibra APIs, Collibra Connect, SAP Business Objects, Oracle OBIEE, Tableau, Database-Level Integrations",Not Specified,140100.00,0.05,Not Specified,,
287,Provider Network Data Analyst,Not Specified,"Microsoft Word, Microsoft Excel, GEO Analytic Software, Tableau, R (or similar statistical software), Microsoft Access or other database experience, Advanced statistical/data analytic techniques, Visual Basic, Adobe","Education-Related Skills:, Bachelor’s degree in Business, Finance, Information Systems or related field",140100.00,0.05,Not Specified,,
288,Systems/Network Administrator,Not Specified,Not Specified,Education-Related Skills:,140100.00,0.05,Not Specified,,
289,Technician/Agent. Geek Squad Advance Repair,Not Specified,"Diagnostics, Troubleshooting, Repairing technology products, Consumer electronics, Documentation",None mentioned,140100.00,0.05,Not Specified,,
290,CC - Consultant - CPR - New York,Not Specified,"Management Consulting, Strategy Development, Business Analysis, Research, Project Management, Microsoft Office (Word, Excel, PowerPoint), Market Analysis","Skills Related to Education:, Undergraduate degree required",140100.00,0.05,Not Specified,,
291,Customer Service Specialist,Not Specified,"Fast and accurate transaction processing, Utilization of sales tools, Proficient in using relevant company resources, Maintaining Front of Store cleanliness and merchandising standards","Skills Related to Education:, High School Diploma or equivalent",140100.00,0.05,Not Specified,,
292,Data Engineer - Alexa Information Experience,Not Specified,"Working with large data sets, Building data pipelines, Data visualization, SQL querying, Programming languages (Python, R, Matlab), Data warehouse architecture, ETL processes, Data visualization software (Tableau/QlikView), Big Data Technologies (Hadoop, Hive, Hbase, Pig, Spark), AWS technologies (Redshift, S3, EC2, Data-pipeline)",Not Specified,140100.00,0.05,Not Specified,,
293,Product Manager I,Not Specified,"Product planning and execution, Market analysis, Financial analysis, Product strategy and roadmap development, Product innovation, Requirements analysis, Business requirements understanding, Development activities oversight, Product launch management, Analytical dashboards creation, P&L management, Pricing analysis, Partnership and licensing assessment, Relationship management, Product training","Education-related Skills:, Bachelor degree or equivalent experience, Master degree in a related business or healthcare field",140100.00,0.05,Not Specified,,
294,Database Administrator II,Not Specified,"Database administration, Database support, Installation and configuration, SQL scripting, Backup and recovery processes, Capacity and performance monitoring, System access administration, System design document review, Business Continuity Plan (BCP), Operating systems knowledge",Not Specified,140100.00,0.05,Not Specified,,
295,"Software Developer (All Levels) Dallas, TX Area",Not Specified,Not Specified,Not Specified,140100.00,0.05,Not Specified,,
296,Assistant IT Analyst I,Not Specified,"Software development, Operational support, Project management, Artificial intelligence, Cloud computing, Digital technology","Education-Related Skills:, Bachelor's/Master's in Information Science, STEM, or Business fields, High School Diploma or GED, Degree confirmation within 6 months, Overall GPA of 3.0 (preferred)",140100.00,0.05,Not Specified,,
297,Research Staff Member,Not Specified,"Machine learning, Computational Neuroscience, Computational Linguistics, Neuroscience, Brain imaging, Neuropsychiatry","Education-related Skills:, None",140100.00,0.05,Not Specified,,
298,"Manager, Customer Modeling & Predictive Analytics",Not Specified,"Problem Solving, Analytical Problem-Solving, Risk Assessment, Data Mining, Forecasting, Simulation, Econometrics, Regression, Optimization, Statistical Analysis, Data Interpretation, Predictive Modeling, Statistical Modeling, Segmentation, Test & Measurement, Data Query Language (SQL), Statistical Packages (R, Python, SAS, Alteryx), Data Visualization (Tableau), Loyalty/Marketing Analytics, Customer Data Analysis, Digital Analytics",Not Specified,140100.00,0.05,Not Specified,,
299,"Sports Data Operator, Monitoring (Part-Time)",Not Specified,"Data entry, Monitoring live events, Event statistics review, Communication skills, Attention to detail","Education-Related Skills:, High school diploma or equivalent",140100.00,0.05,Not Specified,,
300,Communications Specialist,Not Specified,"Writing for consumer and donor audiences, Digital content development for web and social media platforms, Research skills, Knowledge of Microsoft Office applications",Not Specified,140100.00,0.05,Not Specified,,
301,Media Analyst - Gain Theory,Not Specified,"Data analysis, Data visualization, Data cleansing, Data analysis tools (SPSS, SAS, R), Database querying, Business Intelligence platforms","Education-Related Skills:, BA/BS degree",140100.00,0.05,Not Specified,,
302,Sales Representative,"Inside Sales Representatives are responsible for selling products or services to customers over the phone or through online channels. They engage with leads, answer customer inquiries, and use persuasive communication to close sales and meet revenue targets.","Sales prospecting and lead generation Sales presentation and communication CRM software (e.g., Salesforce) Sales negotiation and closing techniques Product knowledge Relationship building",PhD,140100.00,0.05,Not Specified,,
303,IT Communications Consultant,Not Specified,"Corporate communication, Organizational change management, Microsoft Office, Digital design (Adobe Photoshop/Adobe InDesign), Writing and editing, Public speaking, Digital communication methods, Project management, PMP certification",Not Specified,140100.00,0.05,Not Specified,,
304,Operations Program Facilitator,Not Specified,"Continuous Improvement Programs, Project management, Lean/Six Sigma/Kaizen/Total Quality Management, SIPOC, MS Office Suite, Analytics tools, Operational recommendations, Process design, Strategic insights","Education:, BA/BS in Business, Engineering, or related discipline, Lean Six Sigma Certificate or similar continuous improvement",140100.00,0.05,Not Specified,,
305,Revenue Collector,Not Specified,"Collection Work, Customer Assistance, Payment Processing, Record-Keeping, Data Analysis, Financial Reconciliation, Report Review, Liens Filing, Negotiation, Site Visits","Related to Education:, High School Diploma or GED Equivalency",140100.00,0.05,Not Specified,,
306,Enterprise Data Architect,Not Specified,"Data warehouse design, Data management, Database administration, Data models, Structured Query Language (SQL), Microsoft T-SQL / Oracle PL-SQL, Electronic Medical Record (EMR) applications, Epic Clarity reporting system, Microsoft Office software, Client-server and web-based environments, Healthcare applications and systems, 'Big Data' management, Hadoop","Education-related Skills:, Bachelor's degree in Computer Science, Information Technology, or related field, Master's degree in a related field",140100.00,0.05,Not Specified,,
307,DC General Warehouse Worker,Not Specified,"Operating equipment, Stocking merchandise, Order processing, Replenishment, Packing products for shipment, Loading merchandise onto trucks, Maintaining a clean work area","Related to Education:, High School Diploma or Equivalent",140100.00,0.05,Not Specified,,
308,"Manager, System Partnerships",Not Specified,Not Specified,Not Specified,140100.00,0.05,Not Specified,,
309,Environmental Remote Sensing Data Scientist,Not Specified,"Geospatial datasets, Environmental remote sensing, Data analysis & visualization, Python, R, GIS data, ESG/sustainability data, Financial data/analytics, Predictive analytics, Machine learning",Not Specified,140100.00,0.05,Not Specified,,
310,MSAT Scientist,Not Specified,"Technology transfer, Process scalability, Process validation, Process integration, Process supervision, Manufacturing process improvement, Data management and analysis, Root cause analysis, cGMP adherence",Not Specified,140100.00,0.05,Not Specified,,
311,Wafer Metrology Data Development Engineer,Not Specified,"CDSEM, Focused Ion Beam (FIB), Image Based Analysis, Algorithm development, Data analysis, Programming (MatLab, Python), Metrology technology (AFM, SEM, TEM)","Skills Related to Education:, MS/PH.D degree in Physics, Materials Science, Data Science, or related fields",140100.00,0.05,Not Specified,,
312,"Crop Consultant -Toppenish, WA",Not Specified,"Sales, Marketing, Soil, tissue, and water analysis interpretation, Agronomic research, Fertilizer formulations, Customer contract management, Reporting, Training","Education-Related Skills:, Agricultural based degree, CCA License",140100.00,0.05,Not Specified,,
313,Big Data Solutions Architect (Central Region),Not Specified,"Splunk, Hadoop, Teradata, MapReduce, Hive, SPARK, Kafka, ELT/ETL development, Informatica, Talend, Business Objects, Tableau, D3, SAS, R, Graph databases, In-memory databases, Machine Learning, Unix scripting, Python programming, RDBMS, EDW, NoSQL, MapR distribution of Hadoop",Not Specified,140100.00,0.05,Not Specified,,
314,User Researcher 2,Not Specified,"Research skills, Data analytics, Machine learning, Data science, Qualitative and quantitative research methodologies",Not Specified,140100.00,0.05,Not Specified,,
315,Systems Engineer - Data Center Team (Animation Studios),Not Specified,"Design and implement complex systems, Proficiency with Python, Perl, JavaScript or similar scripting language, Enterprise data center engineering & administration, Linux environment administration (Red Hat, etc), Building and administering scale-out/high-performance storage systems, Designing and administering virtual computing environments, Designing and administering backup technologies and products, Experience with network technology and communication principles, Familiarity with common systems tools and protocols","BS related to Information Technology, Computer Systems",140100.00,0.05,Not Specified,,
316,Sr FP&A Analyst,Not Specified,"Financial Analysis, P &L; Forecasting, Data Analysis, Financial Modeling, Business Analysis, Budgeting, Microsoft Excel (Pivot Tables, Data Analysis, PowerQuery, PowerPivot), Microsoft PowerPoint (Data links, corporate templates, images), Generally Accepted Accounting Principles (GAAP), BI Reporting, ERP Systems, Salesforce","Skills related to Education:, Bachelor’s degree in Accounting or Finance",140100.00,0.05,Not Specified,,
317,Developer Advocate / Technology Evangelist,Not Specified,"Dapp Development, Solidity, Truffle, MetaMask, Blockchain, Verbal and written communication","Skills related to education:, No specific education-related skills mentioned.",140100.00,0.05,Not Specified,,
318,Operations Coordinator,Not Specified,"Shipping and receiving, Mail processing, Administrative tasks, Furniture and equipment maintenance, Office moves, Recycling operations, Safety and security operations, Operating mail processing equipment, Preparing shipping documentation, Room set-ups, Facility maintenance, Power tool operation","Related to Education:, Reading blueprints and schematics, Well-rounded knowledge of facility operations, Completion of at least the equivalent of the 12th grade, Trade or technical coursework, Trade-technical licensing and CPR certification desirable",140100.00,0.05,Not Specified,,
319,Learning Consultant,Not Specified,"Instructional Design, Curriculum Development, Articulate 360, Learning Management Systems, Software Development, Common development frameworks, API's, SSO, Authentication and authorization protocols",Not Specified,140100.00,0.05,Not Specified,,
320,Technical Advisor I,Not Specified,"Expertise in natural gas commercial cooking equipment, Knowledge of technologies, policies, and procedures for commercial foodservice, Project management, Problem-solving methodologies, Technical knowledge transfer in natural gas commercial cooking and water heating technologies",Not Specified,140100.00,0.05,Not Specified,,
321,Quality Improvement Data Analyst,Not Specified,"Data management, Data analysis, Dashboard development, Statistical process control, Database management, Analytical techniques, Epidemiological techniques, Core measures development, Performance indicators analysis, Data collection procedures, Data repository management, Report preparation, Health quality database development, Analytical problem-solving","Education-Related Skills:, Bachelor's degree in health policy/management or related field, Coursework in biostatistics and data management",140100.00,0.05,Not Specified,,
322,Data Coordinator I,Not Specified,"Data collection, Data coordination, Data processing, Quality control, Abstracting and coding, Auditing, Database management, Familiarity with medical terminology, Knowledge of statistics","Education-Related Skills:, BA/BS or equivalent, RRA (Registered Records Administrator) or ART (Accredited Records Technician), Two-year degree in the medical field",140100.00,0.05,Not Specified,,
323,Software Engineer- Java/Big Data,Not Specified,"Hadoop, Spark, Hive, Java, Spring framework, Oracle, Columnar databases, Apache, Tomcat, Maven, Web Services, Service Oriented Architecture (SOA), Debugging skills, Defensive Programming",Not Specified,140100.00,0.05,Not Specified,,
324,Principal Big Data Engineer,Not Specified,"Data Engineering, Model Building, Data Management, IT System Hardware, Data Science, Big Data, Data Transformation, Automation, Process Improvement, Advanced Technologies, Big Data Architecture, Data Mining, Data Integration, Data Quality, Database Architecture, SQL, Java, Hive, Python, Linux KSH, Hadoop Ecosystem, Data Science Life Cycle, Open Systems, Cloud-Based Applications, AWS, Database Concepts, Data Warehouse, Data Lake Technology, Marketing Knowledge, Finance Knowledge, Customer Service Knowledge",Not Specified,140100.00,0.05,Not Specified,,
325,"Regional Solutions Architect, West Channel Sales",Not Specified,"Incident Response, Attack and Penetration Assessments, Host-based Security Technologies, Modern Malware Lifecycle, Malware/Forensic Analysis, Cyber Security, Threat Intelligence, Whitelisting, Micro-virtualization, Behavioral Analysis, Machine Learning, SIEM Systems, API's, Scripting (Bash and/or Python), Structured Query Language (SQL)","Education:, B.A./M.S. degree or equivalent experience/technical training",140100.00,0.05,Not Specified,,
326,"Sr. Director, Clinical Statistics",Not Specified,"Statistical Modeling, Clinical Data Strategies, SAS Programming, Data Integration, CDISC/SDTM Standards, Dataset Anonymization, PK/PD Data Analysis","Skills Related to Education:, Clinical Data Strategies",140100.00,0.05,Not Specified,,
327,Training Program Manager,Not Specified,"Learning and Development, Training Material Development, Certification Programs, Learning Management Systems (LMS), Data Analysis, Program and Project Management",Not Specified,140100.00,0.05,Not Specified,,
328,"Technical Account Manager, Financial Services, Google Cloud",Not Specified,"Data Analysis, Troubleshooting, Cross-functional Teamwork, Customer Support, Program Management, Strategic Planning, Relationship Building, Strategic Roadmapping, Technical Guidance, Cloud Technologies, Customer Engagement",Not Specified,140100.00,0.05,Not Specified,,
329,General Laborer,Not Specified,"Following instructions, Manufacturing procedures, Safety procedures, GMP (Good Manufacturing Practices), Quality control, Reading codes, Basic English language proficiency, Operating coder machines, Knowledge of SKU formulas, Equipment maintenance",Not Specified,140100.00,0.05,Not Specified,,
330,"Consultant, People Analytics",Not Specified,"Business Intelligence/Analytics, SuccessFactors reporting tools, Workforce analytics tools (e.g., Visier), Data aggregation tools (e.g., Dataiku), Relational Database Management Systems, SQL, Tableau, Microsoft Office Suite (Word, Excel, PowerPoint, Outlook)","Education-Related Skills:, Year/Bachelor's degree or equivalent work experience",140100.00,0.05,Not Specified,,
331,Operations Analyst,Not Specified,"Data analysis, Financial reporting, Forecasting, Profitability tracking, Analytics, Data visualization, Financial forecasting, SQL",Not Specified,140100.00,0.05,Not Specified,,
332,"Savings - Deposit Operations – Performance Coach – Richardson, TX",Not Specified,"Quality assurance, Data analysis, Operations management, Training, Calibration, Audit, Process improvement","Skills Related to Education:, High School Diploma or GED, Associates or Bachelor's degree",140100.00,0.05,Not Specified,,
333,Inventory Data Analyst,Not Specified,"VBA programming, SQL, ERP (SAP) user, Advanced Excel skills, Microsoft Access, Manufacturing planning","Education-Related Skills:, Bachelor's Degree",140100.00,0.05,Not Specified,,
334,"Solutions Architect, Enterprise Migrations, Google Cloud",Not Specified,"Cloud Computing, Infrastructure, Storage, Platforms, Data Management, Relational databases, Virtual machines, SQL/NoSQL, Networking, Infrastructure automation, Continuous integration/deployment, Security, Enterprise technology systems, Business applications, Technical documentation","Related to Education:, BA/BS degree in Computer Science or a related engineering field, MS degree in Computer Science or a related engineering field",140100.00,0.05,Not Specified,,
335,Hosted Build Team - Systems Administrator Senior,Not Specified,"Operating systems knowledge, Storage management, TCP/IP, Network monitoring tools, Technical writing, Software installation and maintenance",Not Specified,140100.00,0.05,Not Specified,,
336,Warehouse & Service Operations Specialist,Not Specified,"Inventory Management, Warehouse Management, Logistical Coordination, Fleet/Vehicle Management, Job Quoting/Estimating, Back Office Administration, Parts Ordering & Control, Microsoft Office (Excel, Outlook, Word), Forklift Operation","Skills related to education:, No specific skills mentioned.",140100.00,0.05,Not Specified,,
337,Communication & Change Management Consultant,Not Specified,"Internal and External Communication Strategies, Change Management Plans, Communication Portal Maintenance, Readiness Assessments, Structured Change Management Approach, Risk Identification and Mitigation, Budget Management, Communications Planning, Technology Trends Awareness",Not Specified,140100.00,0.05,Not Specified,,
338,Cloud Development Intern,Not Specified,"Java programming, Script development, Cloud application development, Documentation, Data structures, Software architecture design, SQL, No-SQL databases, Windows, Linux, Network technologies, Cloud computing (preferably AWS), Python, Scala, Software development processes, Agile methodology",Not Specified,140100.00,0.05,Not Specified,,
339,Big Data Engineer,Not Specified,"Java, Spark, Python, Scala, R, Hadoop, Kafka, Git, GitHub, Cloudera Hadoop, Hive, Impala, SQL, JSON, AVRO, Parquet, XML, UNIX/Linux",Not Specified,140100.00,0.05,Not Specified,,
340,Server/Back-Up Architect - MDW,Not Specified,"Storage Technology, Server Technology, Blade Technology, Consultative Sales, Pre-Sales Consultative Selling, Storage Infrastructure Management, Complex Solution Architecting, Customer White-boarding, Virtualization Solutions, Storage Analysis, Backup and Disaster Recovery Environments, Financial and Operational Reporting, Service Level Performance Monitoring",Not Specified,140100.00,0.05,Not Specified,,
341,Computer Vision Engineer (Deep Learning/Satellite Imaging),Not Specified,"Python, C++, C, Tensorflow, PyTorch, Computer Vision, OpenCV, Neural Networks, Lua, Go, Machine Learning, IoT","Skills related to Education:, Understanding of/experience with Lua or Go is a big plus",140100.00,0.05,Not Specified,,
342,Business Analyst III,Not Specified,"Business process improvement, Business specifications analysis, Requirements development, Report development and analysis, Client training, Microsoft Office, Vizio, Workflow creation",Not Specified,140100.00,0.05,Not Specified,,
343,Application Developer III,Not Specified,"Application programming and analysis, Application architecture, Project management, Salesforce development, APEX technology, Agile development (specifically scrum), ETL Tools (Informatica), Salesforce APIs and components",Not Specified,140100.00,0.05,Not Specified,,
344,Database Systems Specialist,Not Specified,"Database administration, Revenue posting, Financial reconciliation, Data management, Reporting tools development, Systems testing and troubleshooting, Training development and delivery, CRM user support, Data hygiene and integrity management, Importing revenue data, Advanced Excel, SQL, Macro functions, Process mapping",Not Specified,140100.00,0.05,Not Specified,,
345,Senior Business Intelligence Analyst,Not Specified,"Information systems, Analytics, Healthcare operations, Business intelligence, Data transformation, Project management, Analyzing and implementing solutions, Working with IS resources","Education-Related Skills:, Bachelor's Degree in computer science, business administration, healthcare administration, or related fields, Master's Degree in computer science, business administration, healthcare administration, or related fields",140100.00,0.05,Not Specified,,
346,General Warehouse Worker,Not Specified,"Operating warehouse equipment, Order processing, Receiving and stocking merchandise, Packing and shipping products, Maintaining a clean work area, Loading and unloading trucks, Certification for operating equipment","Education:, High School Diploma or Equivalent",140100.00,0.05,Not Specified,,
347,Big Data Consultant - Data Delivery,Not Specified,"Information delivery, Analytics, Business Intelligence, Hadoop Distributed File System (HDFS), NoSQL (MongoDB, Cassandra), Data Warehouses, Big Data technologies (MapReduce, Pig, Hive, etc.), Data lake implementations, Data ingestion techniques, Cloud platforms (AWS, Azure, GCP), Data integration products (Informatica, IBM BigInsights, Talend), Data warehousing, Data architecture, ETL processes, Reporting and visualization, Distributed systems, Data cleansing routines, Data quality functions, Data integration on traditional and Hadoop environments",Not Specified,140100.00,0.05,Not Specified,,
348,KIND Brand Ambassador - Detroit,Not Specified,"Account based marketing strategies, Marketing and sales fundamentals, Microsoft PowerPoint & Excel",Not Specified,140100.00,0.05,Not Specified,,
349,Linux guru – Big Data Systems Support Engineer,Not Specified,"Linux System Administration, Networking, Security, SQL, NoSQL databases, PostgreSQL, ElasticSearch, Programming, Scripting, Distributed Systems, Information Retrieval, Analytics, RHEL/CentOS","Related to Education:, BS / MS in Computer Science or related engineering discipline",140100.00,0.05,Not Specified,,
350,Inventory Specialist,Not Specified,"Receiving and shipping merchandise, Operating equipment according to safety standards, Stocking merchandise, Documenting movement of merchandise",Not Specified,140100.00,0.05,Not Specified,,
351,"MANAGER, QUALITY MANAGEMENT",Not Specified,"Quality improvement tools and techniques, Performance improvement activities, Communication skills, Data analysis, Microsoft Excel, Microsoft PowerPoint, Microsoft Word, Visio",Not Specified,140100.00,0.05,Not Specified,,
352,Big Data Delivery Engineer (REMOTE) - Professional Services,Not Specified,"Big Data product knowledge, Modern data technologies, Open source technologies: Hadoop, Spark, Kafka, HBase, Hive, Cassandra, MongoDB, Neo4J, Cloud data and analytic technologies: AWS (EMR, Athena, Redshift, Kinesis, Glue), Azure (HDInsight, ADLS, Data Lake Analytics, Event Hubs, SQL Data Warehouse), GCP (BigQuery, BigTable, Dataflow, DataProc), Troubleshooting, Performance tuning, Root cause analysis, Project management, Methodology development, Best practices implementation, Machine Learning with Spark Mllib or similar, Operationalizing models with TensorFlow",Not Specified,140100.00,0.05,Not Specified,,
353,Supply Chain Data Analyst,Not Specified,"Data entry, Reporting, Analytical skills, Problem solving, Systems and data activities, SAP MM configuration/functionality, Knowledge of supply chain processes",Not Specified,140100.00,0.05,Not Specified,,
354,"Process Improvement Consultant, Secret Clearance, Bremerton WA",Not Specified,"Lean Six Sigma, Theory of Constraints, High Velocity Learning, Business Process Improvement, Workforce Management, Project Management, Metrics and Measures, Business Analytics, Data Mining, Decision Support Analytics, IT Functional Requirements, Minitab, SharePoint","Skills Related to Education:, Bachelor's Degree in Engineering or related field",140100.00,0.05,Not Specified,,
355,Director Broadcast Operations,Not Specified,"Broadcast operations management, Technical staff scheduling, Standard operating procedures development, Training program administration, Testing and drills coordination, Broadcast equipment knowledge, Project management, Digital video systems knowledge, IT systems collaboration","Education-Related Skills:, Bachelor's Degree in related field",140100.00,0.05,Not Specified,,
356,Global Security Operations Center Analyst,Not Specified,"Microsoft Office, Video Management Systems, Physical Access Control Systems, Radio Over IP (ROIP), Intercom Systems, Incident Reporting Software, Physical Security Information Management Systems, Mass Communication Systems, Lenel, Milestone, EasyLobby, WAVE, Stentofon, Visual Command Center, Perspective Research, Security Procedures, Emergency Procedures, Disaster Recovery, Business Continuity Processes",Not Specified,140100.00,0.05,Not Specified,,
357,"Data Visualization Specialist - Consultant (Tableau) - Chicago, IL",Not Specified,"Data Visualization, Tableau, Business Requirements Analysis, Data Modeling, SQL, Relational Databases, Advanced Tableau Topics, Data Visualization Best Practices, Hadoop","Related to Education:, Bachelors Degree",140100.00,0.05,Not Specified,,
358,Comcast Solutions Architect,Not Specified,"Service Assurance, Metro Ethernet, WAN/LAN, L2/L3VPN, SNMP, OSPF, BGP, MPLS, QoS, Netflow, Syslog, VRRP, SD-WAN, NFV/SDN networking, UCaaS, Network monitoring tools (e.g., SevOne, Infovista, Netcool), IT management tools (e.g., Solarwinds, HP Openview), Cisco Works, Agile methodology, Waterfall methodology, User Stories, Business Requirements",Not Specified,140100.00,0.05,Not Specified,,
359,Enterprise ETL Engineer,Not Specified,"Technical Skills, ETL processes design, Data integration, Data validation, Enterprise data sources, Redshift, Databricks/Spark, AWS S3, MySQL, Oracle, Data pipeline understanding, Kimball Dimensional Modeling, SQL, ERD review, Structured data handling, Semi-structured data handling, Unstructured data handling, OLTP, OLAP, BI reporting tools","Related to Education:, Kimball Dimensional Modeling, SQL, ERD review, BI reporting tools",140100.00,0.05,Not Specified,,
360,"Data Scientist, Austin",Not Specified,"Data analysis, Data mining, Research, Modeling strategies, Analytical expertise, Database tools (R, SQL, Python), Statistical modeling, Machine learning, Data collection, Data aggregation",Not Specified,140100.00,0.05,Not Specified,,
361,Business Analyst (M),Not Specified,"Skill Types:, Technical skills are related to experience., Soft skills are related to both education and experience.",Not Specified,140100.00,0.05,Not Specified,,
362,WHSE Inventory Specialist - Receiving,Not Specified,"JDA (Warehouse Management System), SAP, Inventory management","Education-related Skills:, High school diploma or general education degree (GED)",140100.00,0.05,Not Specified,,
363,Software Developer,Not Specified,"Programming Languages, Scripting Languages, Systems Architecture, Systems Integration, Applications Infrastructure, Software Development, Debugging, Software Testing, Cloud Computing, Technical Support, Operating Systems, Data Analysis",BS Degree,140100.00,0.05,Not Specified,,
364,Quality and Patient Safety Data Analyst,Not Specified,"Data analysis, Data collection, Statistical techniques, Database design, Data modeling, Reporting capabilities (e.g., Cognos, SQL, XML), Database maintenance","Skills related to education:, Bachelor's degree in Science or Business, with a major in relevant fields such as mathematics, economics, computer science, statistics, or information management.",140100.00,0.05,Not Specified,,
365,Database Specialist - Med Staff - North Phoenix,Not Specified,"Data entry, Database management (Midas, MedCredentials, Meditech), Clerical functions, Report generation, File management, Communication skills, Internet research","Skills Related to Education:, None",140100.00,0.05,Not Specified,,
366,Windows & Network Systems Administrator,Not Specified,"Windows server administration, Network administration, Database management, Storage systems management, Server platform maintenance (Windows 2012R2+), Virtualization (Hyper-V), Load balancing, Active Directory management, Exchange Server support, Scripting (PowerShell, WSH, batch files), Documentation, Troubleshooting",Not Specified,140100.00,0.05,Not Specified,,
367,"Implementation Consultant, Associate",Not Specified,"Upstream oil and gas land management, financial accounting, production accounting, data validation, data migration, system configuration, customer training, test plans, project management.",Skills related to Education: Bachelor of Science (B.S) degree or equivalent relevant work experience.,140100.00,0.05,Not Specified,,
368,Statistical Unit Assistant,Not Specified,"Data manipulation, Statistical software for data management and analysis, Common Data Elements (CDE), User Acceptance Testing (UAT), Proficient computer skills, Word processing, Spreadsheets, Graphical displays","Skills related to education:, Bachelor’s degree with a major in statistics, biostatistics, public health, or related field",140100.00,0.05,Not Specified,,
369,Game Designer,Not Specified,"Game design, User interface design, Documentation, UI/UX design, Educational game design, Mobile game development, Cross-platform game development",Not Specified,140100.00,0.05,Not Specified,,
370,Autonomous Driving Algorithm Engineer,Not Specified,"Path Planning Algorithms, Perception Algorithms, Vehicle Control Algorithms, Sensor Fusion, Data Fitting, LQR Controller, Algorithm Development, Data Analysis, In-Vehicle Testing, Debugging, Function Demonstration, Optimization, Real-Time Implementation, Performance Assessment","Education-Related Skills:, Bachelors of Science degree in Electrical, Robotics, Mechanical, or Computer Engineering",140100.00,0.05,Not Specified,,
371,Business Analyst Associate,Not Specified,"Technical problem solving, Systems analysis, Technology proficiency, Risk management, Expertise in organizational systems, Data analysis",Not Specified,140100.00,0.05,Not Specified,,
372,"Internal Audit Analyst, Data Analytics and Automation",Not Specified,"SQL, R or Python, Data visualization, Data cleaning, extraction, transformation, and load, Proficiency in writing SQL queries, Critical thinking","Combination of Education and Experience:, Ability to leverage internal and external resources to solve problems and write programs or scripts",140100.00,0.05,Not Specified,,
373,WD-BIM/Revit Designer,Not Specified,"Revit, AutoCAD, AEC, Architectural Engineering and Construction methods, Structural Steel detailing",Not Specified,140100.00,0.05,Not Specified,,
374,Office 365 Architect,Not Specified,"Windows Desktop OS, Office 365, Virtual Desktop solutions, Desktop and laptop hardware, Audio Visual and Conferencing technologies, Mobile devices and operating systems, Desktop productivity suites, File sharing applications, SaaS solutions, Backup solutions for PCs / laptops",Bachelor's Degree in Information Systems or related field,140100.00,0.05,Not Specified,,
375,Software Engineer 2 - Big Data/Data Warehousing,Not Specified,"Java, Spring (or similar MVC framework), Unix/Linux, Service oriented designs and technologies, Web service technologies (SOAP and REST), SQL and NoSQL, Version control (Git), Continuous Integration/Delivery toolkits (Jenkins/Puppet), Queuing technologies (JMS, ActiveMQ, RabbitMQ), Big Data technologies (Spark, Cloudera, HDFS, Kafka, Hive, Impala), AWS (S3, SQS, SNS, EC2), Database management system technologies and tools (Cassandra and/or MongoDB), Monitoring and alerting, Troubleshooting production issues, Analytical skills",Not Specified,140100.00,0.05,Not Specified,,
376,.NET Developer (Only Local Candidates - Detroit),Not Specified,"C#, ASP.NET MVC, MVC, MicroServices, Object-oriented design, HTML5, CSS3, JavaScript, Angular.JS","Education-Related Skills:, Object-oriented design",140100.00,0.05,Not Specified,,
377,JR SQL Developer / Business Analyst,Not Specified,"Microsoft Office Suite, XML, SQL, Oracle certification, Requirement Documentation, Functional Documentation, Technical Documentation",Not Specified,140100.00,0.05,Not Specified,,
378,"Sr. IT Manager, Business/Systems Analysis",Not Specified,"Systems Analysis, GxP Compliance, Project Management, System Validation, Documentation Management, Technical Expertise, Vendor Management, Quality Assurance, Technology Trends, Training",Not Specified,140100.00,0.05,Not Specified,,
379,"Business Intelligence Analyst, Officer",Not Specified,"Data analysis, Reporting, Business intelligence, Analytics, Data quality management, Alignstar, Excel, PowerPoint, Tableau, Alteryx, Data warehouse integration","Education-related skills:, Top undergraduate degree",140100.00,0.05,Not Specified,,
380,Big Data Engineer and Hadoop Administrator,Not Specified,"Hadoop administration, HDFS, YARN, Spark, Sentry/Ranger, HBase, Zookeeper, Cluster setup, Performance tuning, Distributed Hadoop ecosystem, Networking connectivity, IO throughput, MapReduce, Pig, Hive, Sqoop, Flume, Oozie, Cluster monitoring tools (Cloudera Manager/Ambari, Ganglia, Nagios), Scripting (bash, perl, ruby, python), Hadoop security (Kerberos, TLS/SSL, HDFS encryption), Jenkins, Git, AWS, Automation tools (Puppet, Ansible), Spark, Solr, Scala, Kafka","Education: Not specified, Experience: Hadoop administration, Big Data engineering, Cloud infrastructure management",140100.00,0.05,Not Specified,,
381,MSBI - ETL Architect - ETL Designer,Not Specified,"Data modeling, ETL design, Data Flow Diagrams, BRD interpretation, SQL, SSIS packages, Orchestrator, Git version control, Code review, Unit testing, Test case review, Deployment planning, Support transition planning, Software development lifecycle understanding, Agile methodologies, Offshore coordination","Skills related to Education:, Understanding of Data Modeling, Knowledge of SQL and data transformation processes, Familiarity with software deployment planning",140100.00,0.05,Not Specified,,
382,Windows / VMWare Systems Administrator,Not Specified,"Unix Red Hat Linux / Oracle Solaris x86 experience, Solaris Operating System installation and maintenance, System administration (Windows 10, Windows Server/Active Directory, Solaris), Active Directory domains configuration and maintenance, System backups in a server environment, DISA Security Technical Implementation Guide (STIG), Solaris STIG controls application, Risk Management Framework (RMF) knowledge, Basic scripting (Bash and/or Powershell), COTS upgrade and integration, Security+ certification, Virtualization technologies (VMware, Hyper-V), Storage technologies (NAS and SAN), DNS configuration and maintenance, Operating system upgrades and patching, Excellent Oral and Written communication skills","Education:, Security+ certification",140100.00,0.05,Not Specified,,
383,Database Administrator ServiceNow,Not Specified,"ServiceNow administration, Configuration management, User administration, Security management, Workflow management, Data management, Integrations, Plug-in activation, Report building, Scripting, Third-party software integration, Web Technologies (XML, HTML, JAVA Script, AJAX, CSS, HTTP), Web applications, networks, protocols, and email (SMTP, POP3), ITIL v3 methodologies, Enterprise IT architecture, Relational databases, Database manipulation, LDAP directories (Active Directory, eDirectory, OpenLDAP), Single Sign-on (Digested Token, SAML 1.1, SAML 2.0), Web Services integrations",Not Specified,140100.00,0.05,Not Specified,,
384,Stakeholder Insights and Analytics Manager,Not Specified,"Data analysis, Strategic planning, Project management, Microsoft Excel and PowerPoint, Social media management, Qualitative research","Skills related to education:, MBA",140100.00,0.05,Not Specified,,
385,Sr Digital Marketing Analyst,Not Specified,"Web Analytics (Omniture/Google Analytics), Data visualization and BI platforms (Tableau or Domo), Microsoft Excel proficiency","Related to Education:, Bachelor's degree in related field (not explicitly mentioned but implied)",140100.00,0.05,Not Specified,,
386,Director of Technology,Not Specified,"Software Engineering, Technology Platforms, Integration & Migration of Platforms, Cross-Functional Leadership, Operating Systems: Windows, Mac OSX, Linux, WordPress, Amazon Web Services (AWS), Web Technologies, Database Design, Client/Server Web Frameworks, Template Libraries, Jira, Git, REST Services, Application Development & Deployment, Client-Facing Web Application Architecture, Mortgage Industry Knowledge","Skills related to education:, None",140100.00,0.05,Not Specified,,
387,Database Administrator/Developer,Not Specified,"SQL Server Database, Oracle Database Appliance, Data Modeling, Database Design, Data Structures, Cubes/views development, Graphical and textual analysis tools, MS SQL, Oracle, Performance Tuning, Query Optimization, Backup and Restore, Recovery Models, Operational Automation, Index Management, SQL Profiler, Troubleshooting, SQL Code Development, PL/SQL",Not Specified,140100.00,0.05,Not Specified,,
388,Information Security Analyst Intern,Not Specified,"Information security, Penetration testing, Network vulnerability assessments, Social engineering, IT audits, Computer forensics, E-Discovery, Maintenance of information security lab, Security tools documentation, Process documentation, Windows command line, Unix/Linux command line, Basic networking concepts, Penetration testing methods, Vulnerability assessment techniques, Programming, Web development, Database application development, Cisco IOS software, Network infrastructure hardware and software, Security monitoring tools",Not Specified,140100.00,0.05,Not Specified,,
389,Project Manager I - Data Governance,Not Specified,"Project management, Quality assurance, PC proficiency","Education-related skills:, No specific skills mentioned.",140100.00,0.05,Not Specified,,
390,Network and Datacenter Manager,Not Specified,"Data Center design and installation, Data Storage architecture including FC Switching and Zoning, Broad understanding of IP protocols, Experience with firewall, routing, and switching technologies, Windows Active Directory, MS IIS, Cold Fusion, SQL, Mail and Web Security Gateway products, Remote access Design (RDP, VNC, VPN with RSA), Security monitoring and awareness techniques, HIPAA, ISO 27001 or other security and compliance regulations, Microsoft Server Operating Systems, Routing-Firewall and IP Network Technologies, Storage Area Networks (SAN), Unified Communications, MS SQL Server Database, VMWare for server virtualization",Not Specified,140100.00,0.05,Not Specified,,
391,"Sr Analyst, Reporting & Analytics",Not Specified,"Business Intelligence, Data Warehousing, Dashboard Design, Data Visualization, Tableau, Power BI, SAS Visual Analytics, ETL Development, SQL Scripting, Web Development",Not Specified,140100.00,0.05,Not Specified,,
392,Inventory Control Specialist,Not Specified,"Inventory Management, Demand Planning, SAP Analysis, Report Generation, Data Analysis, Knowledge of Contract Management systems, Database Software, Order Processing Systems, CMMS Software",Not Specified,140100.00,0.05,Not Specified,,
393,"Big Data Software Engineer, Senior Associate",Not Specified,"Big Data Architecture, Data Science, AI, Hadoop, Spark, Redshift, Netezza, SAP HANA, Microsoft Azure, AWS, Python, Scala, Java, MapReduce, Hive, Impala, Storm, Unix/Linux, NET, GIT, SVN",Not Specified,140100.00,0.05,Not Specified,,
394,Utility Worker,Not Specified,"General mechanics, Basic knowledge of plumbing fixtures, HVAC systems maintenance, Use of tools and equipment for maintenance and landscaping, Minor repair skills, Windows-based Microsoft Office applications","Educational Skills:, High school diploma or GED, Technical/trade training program completion",140100.00,0.05,Not Specified,,
395,Java Full stack Developer,Not Specified,"Angular, Spring, J2ee, HTML, RESTful Web services, SOAP Web services, CSS, Typescript, JavaScript, DB2, SQL, Software design patterns, UI technologies/Angular, Shell scripting, Financial Industry knowledge, Analytical thinking, Problem-solving",Not Specified,140100.00,0.05,Not Specified,,
396,"Sr. Analyst, Market Intelligence",Not Specified,"Market research, Competitive analysis, Data analysis, Industry trend analysis, Market intelligence, Data modeling","Skills related to Education:, Understanding of advertising, marketing, and/or ecommerce ecosystems",140100.00,0.05,Not Specified,,
397,Engineering Scientist - Sediment and Ocean Acoustics Researcher,Not Specified,"Acoustic propagation modeling, Acoustic scattering modeling, Design of underwater acoustics experiments, Modeling software (Matlab, COMSOL), UNIX operating system, Finite element modeling of underwater acoustic scattering and propagation","Skills Related to Education:, Bachelor's degree in engineering, math, or physics, Doctorate degree in engineering, math, or physics, Cumulative GPA of 3.0",140100.00,0.05,Not Specified,,
398,Drilling Instructor,Not Specified,"IADC/IWCF Well Control training, Offshore drilling, Drilling engineering, High-pressure and high-temperature drilling, Deepwater drilling, Simulator training","Related to Education:, Mathematical skills, Degree is a plus, especially in Drilling Engineering",140100.00,0.05,Not Specified,,
399,NextGen/Cloud Digital Performance Certification Delivery Leader,Not Specified,"Performance testing and certification, Workload analysis, Strategy definition, Monitoring, Execution and stakeholder reporting, Performance bottleneck triaging, NextGen technologies (Microservices, PCF Cloud, API-M), Code profiling, Systems monitoring, alerting, and analytics (AppDynamics, Logstash, Splunk), APM Tools (e.g. AppDynamics, CA Introscope), Performance Testing tools (e.g. Microfocus Performance Center), Enterprise-scale Application Performance testing and Optimization",Not Specified,140100.00,0.05,Not Specified,,
400,Apple Mobile Master,Not Specified,"Sales, Customer service, Selling skills, Consumer electronics products/services",Not Specified,140100.00,0.05,Not Specified,,
401,Administrative Business Partner,Not Specified,"Calendar management, Travel booking, Project management, Event planning","Skills Related to Education:, Bachelor's degree",140100.00,0.05,Not Specified,,
402,Database Administrator & Developer,Not Specified,"Microsoft SQL Server, T-SQL, SQL Server Reporting Services (SSRS), Database reporting tools (Tableau, Crystal Reports), Linux-based database platforms",Bachelor's degree in Computer Science Engineering or Life Sciences,140100.00,0.05,Not Specified,,
403,Kronos Application Administrator,Not Specified,"Kronos application administration, Configuring and maintaining Kronos, Advanced Scheduler, FMLA modules, Database management, Testing enhancements and upgrades, Training program design and delivery, MS Excel proficiency",Not Specified,140100.00,0.05,Not Specified,,
404,Business Systems Analyst,Not Specified,"Technical skills:, Salesforce platform, System and software quality assurance best practices, Boomi, Configuration changes in Salesforce, Developing requirements/design specifications, Reports and dashboard creation, Test criteria identification, Training end users, Evaluation of implementation options/vendors",Not Specified,140100.00,0.05,Not Specified,,
405,eCommerce Full Stack Engineer,Not Specified,"System design, Data architecture, Cloud platforms, APIs, Artificial intelligence, UI design, ETL, Data Ingestion, Data Storage, Data Processing, Visualization, Software engineering practices, Coding standards, Code reviews, Source control management, Build processes, Testing, Cloud based platforms, API clients","Related to Education:, Bachelor's Degree in Computer Science or related field",140100.00,0.05,Not Specified,,
406,Information Management Consultant,Not Specified,"IT Governance, IT Policies, IT Strategy Alignment, IT Investment Decisions, IT Organization Management, IT Infrastructure Planning, IT Applications Management, Data Governance, Change Management, Data Quality Assurance","Education-Related Skills:, B.S., M.S Computer Science or related field",140100.00,0.05,Not Specified,,
407,Customer Service Consultant,Not Specified,"Customer Service, Client Management, Repair Management, Collision Damage Estimating, Computer Programs",Not Specified,140100.00,0.05,Not Specified,,
408,Data Curation Architect,Not Specified,"Data integration, SQL, Programming (Python, Ruby), Big data technologies (Pig, Hive, Impala, HDFS, HBase), Data analysis",Education: Bachelor's degree or equivalent experience,140100.00,0.05,Not Specified,,
409,Human Resources Consultant (Employee Relations),Not Specified,"Employee Relations, Knowledge of federal, state, and local laws related to personnel activities, Oral and written communication, Planning and organizing, Data analysis and problem solving, Computer skills, Training and mentoring",Not Specified,140100.00,0.05,Not Specified,,
410,Supply Chain Data Analyst 1,Not Specified,"SQL, Python, R, KPIs, Dashboards, Spend Cubes, Inventory Models, Capacity Models, Crystal Reports, Power BI, Tableau, Excel",Not Specified,140100.00,0.05,Not Specified,,
411,BILLING DATABASE SPECIALIST,Not Specified,"ICD-9, CPT-4, and HCPC coding, Knowledge of billing Medicare, managed care, and Medicaid payer requirements, Systems experience in a hospital business office",Associate's degree preferred,140100.00,0.05,Not Specified,,
412,BI Engineer,Not Specified,"BI solutions development, Data warehousing, Data modeling, Star schema design, Report authoring, SQL, ETL implementation, Business requirement translation",Not Specified,140100.00,0.05,Not Specified,,
413,"Data Scientist, Analytics",Not Specified,"Quantitative analysis, Data mining, Presentation of data, Forecasting, Experiment design and evaluation, Dashboard and report building, Data set building, ETL framework, SQL, Python, Hypothesis testing, Regression analysis, Statistical software (e.g., R, SAS), Distributed computing (Hive/Hadoop)","Education-related skills:, BA/BS in Computer Science, Math, Physics, Engineering, Statistics, or other technical field, Knowledge of statistics",140100.00,0.05,Not Specified,,
414,Software Engineer - Data Flow,Not Specified,"Software Engineering, PHP, Hack, Python, Scala, Java, Backend Development, Frontend Development, System Design, Code Review, Efficiency Optimization, Scalability, Stability, Workflow Language, Data Processing, Machine Learning",Not Specified,140100.00,0.05,Not Specified,,
415,Investment Business Analyst,Not Specified,"Project Management, Business Analysis, Systems Analysis, Financial Reporting, Automation, Data Analysis, SQL, Microsoft Excel, Microsoft Access, Microsoft Project, SharePoint, Agile Methodologies",Not Specified,140100.00,0.05,Not Specified,,
416,Machine Learning Researcher - Audio/Speech/Computer Vision,Not Specified,"Deep learning techniques, Multimodal sensor data analysis, Computer vision algorithms, Python research stack, TensorFlow, Caffe, Torch, CNTK","Skills related to education:, PhD in Computer Science, Electrical Engineering, or related field, Master's degree",140100.00,0.05,Not Specified,,
417,Consultant,Not Specified,"Financial analysis, Excel modeling, Qualitative and quantitative analysis, Writing, Project management, PowerPoint, Presales support",Not Specified,140100.00,0.05,Not Specified,,
418,Windows Systems Administrator,Not Specified,"Windows Servers, Exchange 2013, SCCM (System Center Configuration Manager), Active Directory, Operating system software installation and troubleshooting, Networking protocols (TCP/IP, DNS), High Availability and Disaster Recovery solutions, Microsoft Cluster Server, Systems design and implementation using Microsoft technologies","Skills Related to Education:, Microsoft Certified Solutions Expert (MCSE), Microsoft Certified Solutions Associate (MCSA)",140100.00,0.05,Not Specified,,
419,International Marketing Reporting Analyst,Not Specified,"Data analysis, CRM, Digital web initiatives, Reporting, Business intelligence, Microsoft Excel, Access, SAS, R","Education-related Skills:, Bachelor's degree, Business Master's degree",140100.00,0.05,Not Specified,,
420,"Analyst, Consumer Insights",Not Specified,"Market Research, Trend Analysis, Consumer Insights, Data Analysis, Business Intelligence, Qualitative Research, Quantitative Research, Ideation, Category Strategy, Product Development, Innovation Development, Marketing Strategy",Education-Related Skills: BA/BS degree in Marketing or Communications,140100.00,0.05,Not Specified,,
421,Software and Data Pipeline Architect,Not Specified,"Python, Ruby, PostgreSQL, ElasticSearch, Redshift, MemSQL, Django, Redis, AWS, ES6 JavaScript, Chart.js, OpenLayers, React, MVC webapps, RESTful API design, Kafka, Kinesis, AWS Lambdas, ORM, SQL, RDBMS, CI/CD pipeline tools","Education-related Skills:, Multiple years of experience coding in Python or Ruby",140100.00,0.05,Not Specified,,
422,"Cloud Solution Architect, Director",Not Specified,"Network Security, Proxy, Routing, Remote Access, VPNs, PKI, WLAN, Firewalls, Application Delivery Networks, Public, Private, and Hybrid Deployments, AWS & Microsoft Azure, Data-center Networking, Service Provider Networking",Not Specified,140100.00,0.05,Not Specified,,
423,Reverse Logistics Coordinator (RMA),Not Specified,"Scheduling, planning, and coordination, Tracking inbound/outbound shipments, Resolving shipment exceptions, Publishing reports, Maintaining inventory, Maintaining consignment accounts, Experience with SAP ERP and WMS, PO and order creation",Experience in logistics or related areas,140100.00,0.05,Not Specified,,
424,Jr. Systems Administrator & Desktop Support,Not Specified,"Setup, installation, configuration and troubleshooting of client Macintosh hardware and OS, Knowledge of Adobe Software (Photoshop, Indesign, etc), Familiarity with business technology peripherals such as copiers, printers, scanners, projectors, iPhone, etc, Fundamental understanding of TCP/IP networking: DNS, DHCP, subnets, IP addressing, Understanding of network hardware components: Routers, switches, WAPs, etc, Familiarity with email servers: IMAP, SMTP, ActiveSync/Exchange, Apple certification, Windows & Apple Server experience","Skills related to education:, Apple certification",140100.00,0.05,Not Specified,,
425,"Program Manager, AVID for Higher Education",Not Specified,"Program management, Marketing strategies, Data analysis, Professional development planning, Educational content expertise, Technology proficiency, Strategic planning, Project management, Financial management",Not Specified,140100.00,0.05,Not Specified,,
426,Data Scientist - TX,Not Specified,"Data analysis, Physics-based approaches, Statistics, Data science, Machine learning algorithms, Programming (especially Python), Dataset management, Data cleaning, Mathematical modeling, Classical optimization",Not Specified,140100.00,0.05,Not Specified,,
427,Data Analytics & Solutions Manager,Not Specified,"Enterprise Data Reservoir (EDR), Data science platforms, Spotfire, Microsoft BI, Tableau, Structured Data (SQL, Oracle), Semi/Unstructured Data (Hadoop), Superview Concepts (HANA), Open Source technologies (Spark, Hive, Scala, Python), Cloud exposure (AWS, Azure), DevOps exposure (Jenkins, Docker, Maven, Ansible), ETL and API technologies (BAPI, API-Mulesoft), Data management, Data warehousing/lakes, Data analytics strategies and methods (Inmon, Kimble, Data Vault, Data Lake), SCRUM or other agile methodologies","Education & Experience Related Skills:, Minimum of 5 years of experience in managing IT projects and programs, Minimum of 3 years of management/supervisory experience",140100.00,0.05,Not Specified,,
428,DL Performance Analysis Architect,Not Specified,"Micro-benchmarks, Profiling, Architecture analysis, Python, Databases, Data visualization tools, GPU computing, Parallel programming models, Deep learning frameworks (Caffe/TensorFlow), Neural networks, Acceleration libraries","Education-Related Skills:, MS or PhD in a relevant discipline (CS, EE, CE)",140100.00,0.05,Not Specified,,
429,Facilities Systems Administrator,Not Specified,"Systems administration, Network operations, Windows Server, Hardware troubleshooting, Software configuration, Maintenance, System set-up","Education-related skills:, Windows Server, Software configuration",140100.00,0.05,Not Specified,,
430,Machine Learning Software Engineer 3,Not Specified,"Java, C++, Python, Object-Oriented Design, Artificial Intelligence / Machine Learning / Deep Learning (e.g. TensorFlow, PyTorch), Networked Application Development, Algorithm Development, Software Integrated Development Environments (e.g. Eclipse, NetBeans, Visual Studio), Software Configuration Management Tools (e.g. Git, Mercurial, Subversion), Linux Development, DevOps Tool Chains, Machine Learning Algorithm Development, Internet Protocols (e.g. IPv4/IPv6, TCP, UDP, HTTP), Message Oriented Middleware (e.g. ZeroMQ, JMS, ActiveMQ, RabbitMQ), Modeling and Simulation (e.g. DIS, HLA), ISR Sensor and Geospatial Data Standards",Not Specified,140100.00,0.05,Not Specified,,
431,"Franchise Consultant-Business Coach (Spokane, WA)",Not Specified,"Operational Excellence, Auditing, Brand Consistency, Sales Increase Strategies, Cost Reduction Strategies",Not Specified,140100.00,0.05,Not Specified,,
432,Full Stack Developer / Software Developer - Insurance Tech Company,Not Specified,"Full Stack Development, Software Engineering, Insurance Systems",Not Specified,140100.00,0.05,Not Specified,,
433,Developer Relations Engineer,Not Specified,"Knowledge of Avalara’s product and global tax compliance, Implementing AvaTax solutions, Triaging customer problem reports, Writing tests, Developing and publishing example code, Maintaining and updating open source software development kits, Writing and editing documentation, Strong programming skills in at least one language (C, Java, C++, JavaScript), Experience in open source software development using GitHub or equivalent, Deployment automation scripting, Familiarity with OpenAPI / Swagger / Swashbuckle","Education:, Computer science degree or equivalent experience",140100.00,0.05,Not Specified,,
434,Data Reporting Analyst,Not Specified,"Dashboard creation, Data analysis, SQL, Reporting tools (Tableau, Looker), ETL tools, Data retrieval from relational databases, NGP VAN familiarity","Education:, Undergraduate degree in an analytical field",140100.00,0.05,Not Specified,,
435,Web Architect,Not Specified,"Web technology system administration, Computer hardware and software systems support, Network hardware management, Data storage systems maintenance, Operating systems support, Application environments management, Network authentication systems administration, Intermediate web programming skills (CSS, HTML, PHP, JavaScript, JAVA), Office 365 programming, configuration, and administration, System security policies enforcement, Data interchange and web services techniques",Not Specified,140100.00,0.05,Not Specified,,
436,Security Analyst,Not Specified,"Security compliance (NIST 800-53, FISMA, FedRAMP), Risk management framework (NIST 800-30), Security documentation (SSP, ISCP, IR Plan, CM Plans, Audit Plans, ATO package), Assessment and Authorization (A&A;), Continuous monitoring, Security configuration management tools, Plan-of-Action and Milestone (POAM) management, Agile development process, Rational tools",Not Specified,140100.00,0.05,Not Specified,,
437,Software Engineer- Big Data Developer,Not Specified,"Scala, Spark, Hadoop, HBase, Java 8, Understanding of Spark and Hadoop internals, MapReduce concepts",Not Specified,140100.00,0.05,Not Specified,,
438,Senior Business Analyst,Not Specified,"Architecture and Design, Business Requirement Documents (BRD), Implementation Guides, Project Plans, Quality Assurance test scenarios/cases, Use cases generation, Source to Target Mapping, Data Analysis, Team Management, Project Management, Programming/Development, System Administration, Process Improvement, Oracle, User Acceptance Testing (UAT), SQL, Net","Education-related Skills:, Master’s in Information Systems, Business Administration, Computer Science, Management Information Systems, or related field",140100.00,0.05,Not Specified,,
439,Database Coordinator,Not Specified,"Database Management, Data Quality Assurance, Database Configuration, Database Maintenance, Training and Support, Information Technology Management, System Platform Monitoring, Database Policies and Procedures",Not Specified,140100.00,0.05,Not Specified,,
440,Architect,"Project Architects lead architectural projects, from concept to completion, coordinating design teams, managing budgets, and ensuring compliance with regulations.",Architectural project management Construction documents Building systems Design coordination Client communication,MBA,140100.00,0.05,Not Specified,,
441,Accounting Assistant,Not Specified,"Accounts Receivable Processing, Account Reconciliations, Oracle Software, Microsoft Office Products (Outlook, Excel, Word), AS400 Software","Skills Related to Education:, Ideally, Associate's Degree or equivalent from a two-year college or technical school.",140100.00,0.05,Not Specified,,
442,GM Carline Specialist,Not Specified,"Quick and accurate point diagnostics on GM vehicles, Provide diagnostics one on one with the customer, Author quality archives to be placed into the Identifix Direct Hit website, Ability to efficiently operate a desktop computer, Possess proficient writing skills, Exceptional ability to learn and diagnose automotive systems, Exceptional communication skills on the phone, through e-mail, and by chat","Skills Related to Education:, year automotive degree or equivalent degree, ASE Master tech and L1 certified",140100.00,0.05,Not Specified,,
443,Products Data Manager,Not Specified,"Data governance, Data compliance, Data lifecycle management, Data auditing, Data quality management, Data security, Corporate policy alignment, Legal translation for data policies, Data collection for analytics, Excel or equivalent reporting tools","Education-Related Skills:, MBA or Bachelors degree in Operations Management or Operations Engineering",140100.00,0.05,Not Specified,,
444,Senior Software Developer - Web,Not Specified,"HTML, CSS, JavaScript, ES6, React, Redux, Node, Express, Webpack, Git, Jest, Karma","Education-Related Skills:, Bachelor's degree in computer science",140100.00,0.05,Not Specified,,
445,HR Services Architect,Not Specified,"HR Shared Services, HR Operations Processes, Compensation Programs, Project Management, PMBOK, Business Process Optimization Methodologies, Six Sigma/Lean/Green Belt Certification, HR/Business Process Technologies, End-to-End Hire to Retire Process, Desktop Procedure and Knowledge Base, Customer Service Levels",Not Specified,140100.00,0.05,Not Specified,,
446,Operations Research Analyst 3,Not Specified,"Concept of Operations (ConOps), Tactics, Techniques, and Procedures (TTPs), Standard Operating Procedures (SOPs), System-level development, Specification and documentation, Training material development, Intelligence Analysis experience, C4ISR support, Information Operations support, Systems requirements validation, Air Operations Centers (AOC) support, DoD situational awareness tools","Skills related to Education:, Bachelor's Degree in a related technical field, Security+ certification",140100.00,0.05,Not Specified,,
447,SQL Data Analyst,Not Specified,"Back tracing, Data quality analysis, Dependency analysis, Incident management, Monitoring jobs/processes, Integration testing support, Bug/defect fixes, Data validations, Proactive/reactive problem management, Root cause analysis, Production environment support",Not Specified,140100.00,0.05,Not Specified,,
448,Salesforce/CRM - Cloud Applications Architect,Not Specified,"Salesforce, CRM, Cloud Applications, Quote to Cash, Scripting languages, CRM projects configurations, CRM automated processes, Oracle ERP Integration, User interface design, Data integrity protocols, Source control, Design control processes, Oracle CPQ BigMachines, Integration tools (e.g., informatica, Oracle SOA), Project Management, ServiceMax, Oracle SQL, PL/SQL, Eloqua, Java, JavaScript, SFDC (Salesforce Development) - Apex, VF, JIRA, Fisheye, SVN, Jenkins, Agile methodology, Waterfall software development methodology","Related to Education:, Bachelor’s degree, Bachelor’s degree in relevant fields (healthcare, business, computer science, education), Oracle CPQ BigMachines Yellow Belt and Blue Belt certified, Project Management Certification",140100.00,0.05,Not Specified,,
449,Sr. Systems Admin,Not Specified,"Microsoft Server, Windows-based systems, POS systems, Retail hardware imaging, Systems design, Windows client system imaging, System documentation, Infrastructure management, MS SCCM, Windows 7 and 10, Server 2012 and 2016, Hyper-V, C, PowerShell, Javascript (MVC and AngularJS), Active Directory (AD), Group Policy Objects (GPOs), Systems hardening, PCI compliance, SOX compliance, Point of Sale (POS), Remote support, Infrastructure theories and principles, Virtualization Technologies, LAN/WAN/Firewall/VPN network technologies, Problem-solving",Not Specified,140100.00,0.05,Not Specified,,
450,Museum Coordinator,Not Specified,"Knowledge of personal computer applications, Budgeting, Strategic planning","Education-related Skills:, Bachelor's degree in Museum Studies or relevant field",140100.00,0.05,Not Specified,,
451,Engineer,Not Specified,"CAD software, Industry standards knowledge (ASME, CRN, ASME BPE, 3-A), Product application and sizing, Lab-scale testing, Quality issue resolution, Technical content creation, Project management",Not Specified,140100.00,0.05,Not Specified,,
452,"Manager - Data Manager, Department of Population Health",Not Specified,"Data extraction, Data cleaning, Data management, SQL queries, Statistical knowledge, Database management, Data architecture, Interdisciplinary teamwork, Analytical skills, Problem-solving, Data privacy practices, HIPAA compliance, Research methods, Statistical packages (e.g., SAS, Stata, R, SPSS), Programming (e.g., SQL, Java, Python, C++), IRB processes, EMR familiarity, HL7 standards",Not Specified,140100.00,0.05,Not Specified,,
453,Architect - Network,Not Specified,"Automation using scripting and configuration management tools (e.g., Ansible, UCSd, ServiceNow), Software Defined Networking (e.g., CISCO ACI, Junos), Network virtualization technologies (e.g., VMware, NSX, Hyper-V, KVM, AWS, Azure), Enterprise networking platforms knowledge, Firewalls (e.g., CISCO ASA), Load balancing systems (e.g., F5), Monitoring and logging of network infrastructure, Scalability of network infrastructure, Python programming, REST APIs, Java programming",Not Specified,140100.00,0.05,Not Specified,,
454,SQL Database Administrator,Not Specified,"SQL Server, Database administration, SQL Server Replication/AlwaysOn, T-SQL, High availability and disaster recovery (HA/DR), Backups, restores, recovery models",Not Specified,140100.00,0.05,Not Specified,,
455,Warehousing Specialist 11 a.m. - 7 p.m.,Not Specified,"Inventory Control, Shipping and Receiving, Record Keeping, Packing and Shipping Processes, Bill of Lading Creation, Manifest Generation, Report Generation, Spreadsheet Management, Shipping Coordination, Order Processing, Stockroom Management, Freight Tracking, Order Tracking",Not Specified,140100.00,0.05,Not Specified,,
456,"senior systems administrator, Starbucks Technology - Seattle, WA",Not Specified,"Systems Administration, Production Support, Software Installs, Deployment, Documentation, Endpoint Solutions, Incident Resolution, Infrastructure Support, Global System Support, Marimba Components, Deployment Practices, Error Resolution, Scripting, Monitoring Applications, Infrastructure Management",Not Specified,140100.00,0.05,Not Specified,,
457,"Analyst, Baseball Operations",Not Specified,"Statistical analysis, Programming (R, Stata, MATLAB, Python), Database management (SQL, Postgres), Data analysis, Research skills","Skills related to education:, Bachelor’s degree in an analytical field (statistics, engineering, applied math, physics, computer science, or operations research), Bachelor’s degree in humanities with experience in analytical fields",140100.00,0.05,Not Specified,,
458,Lead Business Intelligence Data Analyst - BI Team Manager,Not Specified,"Data Analytics, Data Management, Business Intelligence, Website Analysis, Quantitative Analysis, Qualitative Analysis, SQL, Tableau, Python, Project Management, Digital Marketing",Not Specified,140100.00,0.05,Not Specified,,
459,ModelN SME,Not Specified,"Model N-Data model, Model N-Configuration, Model N-Dataflow, Oracle-LS","Model N-Data model, Model N-Configuration, Model N-Dataflow, Oracle-LS, Experience Related Skills: Leadership, Communication, Problem-solving, Time management, Teamwork, Customer service",140100.00,0.05,Not Specified,,
460,"Data Analyst, JetSuite X",Not Specified,"Data Analysis, Reporting, Trend Analysis, Key Performance Indicator (KPI) Reporting, Simulation Development, Business Optimization, Statistical Analysis",Not Specified,140100.00,0.05,Not Specified,,
461,Material Handler II - Forklift - B36 3rd Shift,Not Specified,"Powered industrial lift experience, Basic mathematics, Data input into computer system, Warehouse Management System (WMS) knowledge, Familiarity with shipping and receiving documentation, Ability to operate forklift equipment","Education-Related Skills:, High school diploma or equivalent",140100.00,0.05,Not Specified,,
462,Business Analyst Medicare,Not Specified,"Technical skills:, Automated report building, Data manipulation, Database management, SQL, ETL (Extract, Transform, Load), SSIS (SQL Server Integrated Services), SQL Server Business Intelligence Development Studio, SQL Server Management Studio, Microsoft Office (Excel, Access, Word, Visio), SAS, Procedures and scripts creation",Not Specified,140100.00,0.05,Not Specified,,
463,Senior Systems Administrator Job,Not Specified,"IT infrastructure, Network support, Operating systems, Hardware and software concepts, Systems monitoring, Systems testing, Systems reliability, Capacity analysis, Scripting and task automation, Vendor relationship management","Education-related Skills:, Bachelor's degree in information technology or related field",140100.00,0.05,Not Specified,,
464,Hydrologic Technician,Not Specified,"Hydraulics, Hydrology, Acoustic Doppler current profiler, Data collection, Equipment maintenance, Property accountability, Hydraulic data compilation, Field investigations, Data dissemination, Equipment upkeep, Safety practices","Education-related skills:, Hydraulics, Hydrology, Data collection, Safety practices, Data compilation",140100.00,0.05,Not Specified,,
465,Data Entry - Lab Assistant,Not Specified,"Handling and processing specimens, Laboratory procedures adherence, Data entry, Laboratory Information System (LIS) operation, Equipment operation, Knowledge of safety, infection control, OSHA guidelines, Quality assurance participation",Not Specified,140100.00,0.05,Not Specified,,
466,VIE - CLOUD Developer - Boston - H/F,Not Specified,"Cloud technologies (Microsoft Azure), Design and architectural concepts, Cloud solutions for data storage, IoT stack, Architecture mock-up",Not Specified,140100.00,0.05,Not Specified,,
467,Research Internships,Not Specified,"Natural Language Processing, Machine Learning, Knowledge Representation, Semantics, Question Answering, Textual Entailment, Computer Vision",Not Specified,140100.00,0.05,Not Specified,,
468,Risk Analyst I,Not Specified,"Operational Risk Management, Financial Industry knowledge, Due diligence, Vendor Risk Management, Microsoft Office, Project Management, Control testing (ISO 27001, vendor risk management, SSAE 16/ ISAE3402)","Skills Related to Education:, Preferred experience in risk and/or banking",140100.00,0.05,Not Specified,,
469,Data Architect III,Not Specified,"Data modeling, Relational Database Design, Dimensional Database Design, Hub and Spoke Database Design, Data Vault Modeling, ERwin Data Modeling Software, ETL and Data integration techniques, Informatica Power Center, SQL, rd Normal Form OLTP Databases/ Models, Dimensional Models (Star Schema, Kimball, Inmon), Business Intelligence Tools (Cognos), Data Management disciplines (Data Vault, Master Data Management, Data Virtualization, SOA, XML, Web Services, Hadoop), Big Data methodologies",Not Specified,140100.00,0.05,Not Specified,,
470,Lead Enterprise Architect,Not Specified,"Technology Strategy Alignment, Application Development, Systems Engineering, Security Implementation, Solution Architecture, Mobile Authentication, Production Issue Resolution, Team Leadership, Architecture Decision Making, Systems Integration, Distributed Computing, Financial Network Architecture",Not Specified,140100.00,0.05,Not Specified,,
471,Deputy Chief Information Officer - Data and Information Management,Not Specified,"Data integration, Data management, Data governance, Data analytics, Database administration, Data processing, Data mining, Business operations, Information governance, Data quality, Data life cycle management, Database technologies, Open data, Large data, Data strategist","Related to Education:, Bachelor's degree in Business or Public Administration, Computer Science, or related field, Professional certifications in data and information management",140100.00,0.05,Not Specified,,
472,Senior Network & Systems Administrator,Not Specified,"Technical Skills, Design, Configuration, Monitoring, Troubleshooting, Windows, Linux, VoIP, Storage, Network environments, Problem resolution, -hour on-call support, Cloud architecture, Office 365 configuration, VMware, Hyper-V, Cisco UCCX, Cisco routers, Cisco switches, Firewalls, Scripting, PowerShell, VB Script, Automation/Configuration management tools, Linux/Unix management, LAN/WAN protocols, MPLS, iSCSI SANs, Netbackup, JBoss, IIS, Dynamics CRM, Dynamics AX","Education-Related Skills, Bachelor's degree in computer science or related field, CCNA/MCSE preferred",140100.00,0.05,Not Specified,,
473,"Investment Consultant - Philadelphia, PA",Not Specified,"FINRA Series 7 & 63, Series 65 and/or 66, CFP (Certified Financial Planner)",Not Specified,140100.00,0.05,Not Specified,,
474,Senior Data Center Virtualization Engineer,Not Specified,"VMware, Hyper-V, Data Center Virtualization, Storage Solutions (e.g., Cisco UCS, HP Nimble, SimpliVity, Dell Isilon, EMC, NetApp), P2V Conversion, Hyperconverged Solutions, Disaster Recovery, Performance Testing, Storage Networking, iSCI, FCOE, FCA Technologies","Skills Related to Education:, VCP Certifications, Microsoft MCITP/MCTS Certifications, B.S. Degree in Engineering, Science, Mathematics, or Computer Science",140100.00,0.05,Not Specified,,
475,Gaming Expert - The Domain,Not Specified,"Gaming industry knowledge, Knowledge of Xbox, Play Station, eSports, PC gaming, and legacy consoles, Ability to create and host in-store gaming events, Networking with local gaming communities and influencers",Not Specified,140100.00,0.05,Not Specified,,
476,Integration Support Analyst,Not Specified,"Customer Support, Application Integration, Troubleshooting, Issue Management, Testing, Problem Solving, Development Collaboration, Issue Resolution, Service Level Agreements, Knowledge of ERP applications, Knowledge of HCM, Payroll, or Financials systems, Experience with Enterprise Software Applications, Experience with ERP web service integrations (SOAP, WSDL, XML), Object-oriented and relational model concepts",Not Specified,140100.00,0.05,Not Specified,,
477,Group Systems Architect,Not Specified,"Architectural design, Technology integration, Business architecture, System design, Portfolio planning, Large system integration, Application design, Microservices, Messaging, Events, BPMS, AI, UX concepts",Not Specified,140100.00,0.05,Not Specified,,
478,Resource Analyst,Not Specified,"Logistics coordination, Event planning, Calendar management, Microsoft Office suite proficiency","Skills Related to Education:, Bachelor's degree or equivalent",140100.00,0.05,Not Specified,,
479,Integration Engineer - Tools,Not Specified,"Solution integration, Project management, Software development, Web Services, High availability architectures, Tableau, Salesforce, Documentation, Testing, Communication skills",Not Specified,140100.00,0.05,Not Specified,,
480,Senior BI Data Analyst,Not Specified,"Business Intelligence Solutions Delivery, Enterprise Data Warehouse (Teradata, Redshift, Oracle, SQL Server), Data Modeling, Agile Development, Tableau Data Visualization, Data Wrangling (SQL, Python), Parallel Databases (Redshift, Teradata), Hive, Spark, Scala, R and/or SAS",Not Specified,140100.00,0.05,Not Specified,,
481,Cognos Developer,Not Specified,"Cognos 10/11, Relational and dimensional reporting models, BI reporting solutions, Cognos toolsets (Report Studio, Query Studio, Analysis Studio, Event Studio, Business Insights Advanced), Metadata modeling techniques (Framework and OLAP), SQL, Oracle databases, Datawarehouse design theory, Cognos best practices & methodologies, TM1, Cognos server architecture and environment administration, Cognos SDK using Java or .Net, QlikSense, QlikView",Not Specified,140100.00,0.05,Not Specified,,
482,Real Estate Engineer / Architect,Not Specified,"Engineering Due Diligence, Environmental Due Diligence, Project Management, Asset Management, Contract Negotiation, Building Systems Evaluation, Construction Methodologies Evaluation, Document Retention, Professional Services Accounts Payable Systems",Not Specified,140100.00,0.05,Not Specified,,
483,Web Developer,Not Specified,"Web Development, Responsive Web Applications, Ember.js, REST APIs, Unit Testing, Automation, JavaScript, CSS (Sass, LESS, Compass), NET, SQL",Not Specified,140100.00,0.05,Not Specified,,
484,Process Technician / Operator - Process Development & 3D Integration,Not Specified,"Semiconductor/MEMS Fab experience, Cleanroom environment protocols, Operation of semiconductor/MEMS processing tools, Equipment and process calibration, Hazmat handling, Chemical waste disposal, Metrology tools operation",Not Specified,140100.00,0.05,Not Specified,,
485,Associate Display Planner,Not Specified,"Display programmatic partners research, Campaign setup and management, Data visualization and reporting, Microsoft Excel proficiency, Knowledge of display metrics and optimization, Managing campaigns through DSPs, Google Analytics knowledge",Not Specified,140100.00,0.05,Not Specified,,
486,Data Extraction Analyst,Not Specified,"Data extraction, Data formatting, Database management, Quality assessment, Data analysis, Data visualization, Text, tables, figures, and charts creation, Database querying, Spatial data analysis, Mapping methodologies, Geographical Information Systems (GIS), Coding (e.g., R, Python, Stata)",Not Specified,140100.00,0.05,Not Specified,,
487,IT IA Consultant  JN -082018-41235,Not Specified,"IT General Controls, IT Application Controls, Reports Testing, Walkthrough Meetings, Documentation",Not Specified,140100.00,0.05,Not Specified,,
488,Geo Data Analyst,Not Specified,"GTFS, MS Windows, Unix operating systems, SQL, Microsoft Office, Python, Bash, data manipulation, data analysis, data visualization, software tools development",Not Specified,140100.00,0.05,Not Specified,,
489,Sr Staff Data & Information Architect,Not Specified,"Data Solutions, Audit analytics, Data architecture, Functional documentation, Financial systems, Data analytics, Data science, SQL queries, Data analysis, Data warehouses, Postgres, MSSQL, MongoDB, Analytics, Python web framework",Not Specified,140100.00,0.05,Not Specified,,
490,ServiceNow Intern,Not Specified,"ServiceNow, Requirements analysis, Design, Configuration, Testing, Customization, Integrations with backend systems, Workflow development, ITSM, Documentation, User-training","Skills Related to Education:, Understanding of SQL and databases",140100.00,0.05,Not Specified,,
491,Product Analyst,Not Specified,"Data analysis, Quantitative analysis, Database querying, Microsoft Office Suite, Microsoft Excel, Business intelligence software, Property and Casualty Insurance industry knowledge","Skills related to education:, Bachelor's degree in Business, Economics, Mathematics, or other quantitative fields of study",140100.00,0.05,Not Specified,,
492,Data Migration Specialist 2,Not Specified,"SQL, Database navigation, Data profiling, Data cleansing, Data conversion, Data loading, Data validation, SQL Server, Oracle database management systems, Data analysis, Software documentation, Core data migration technologies",Not Specified,140100.00,0.05,Not Specified,,
493,"Associate Analytics Director, Decision Sciences",Not Specified,"Data visualization, Statistical analysis, Data modeling, Analytics, Research methodologies, Test and learn measurement, Advertising effectiveness, ROI analysis, Statistical software (R, SAS, SPSS), Data visualization tools (Tableau), Excel",Not Specified,140100.00,0.05,Not Specified,,
494,Technical Retail Experience Manager,Not Specified,"Project Management, CMS (Content Management System) Experience, APK Development, AWS, IoT, Artificial Intelligence, Microsoft Office Suite",Not Specified,140100.00,0.05,Not Specified,,
495,Data science engineer,Not Specified,"Data Engineering, Machine Learning, Analytical Processes, End-to-End System Design, Multi-tier Systems, Distributed Systems","Related to Education:, M.S. in Analytics or Data Science",140100.00,0.05,Not Specified,,
496,Business Analyst I,Not Specified,"Business requirements documentation, User Acceptance Testing (UAT), Process analysis, Gap analysis, Design of new functionality, System implementation, Microsoft applications, Waterfall methodology, Agile methodology (Scrum, Kanban), Project portfolio documentation",Not Specified,140100.00,0.05,Not Specified,,
497,PH-R&D Imagineer -Technical Project Coordinator,Not Specified,"Robotics, Aerospace, Artificial Intelligence, Embedded Systems, Mechanical Engineering, Electrical Engineering, Software Engineering, Systems Engineering, Program/Project Management, Workflow Management Methodologies (e.g., waterfall, agile, kanban, scrum), Technology Transfer, Advanced Mechatronics, Computer Vision, Sensor Fusion",Not Specified,140100.00,0.05,Not Specified,,
498,Business Analyst II,Not Specified,"Business requirements documentation, Gap analysis, Technology requirements translation, Business benefit development, Reference and training material creation, Procedure development, Business process documentation, As Is and To Be work process flows documentation, User requirements/user stories creation, Data analysis for business case development, Testing script development and refinement, Data cleansing, Environment set-up, QA support during testing","Skills related to education:, Bachelor's Degree, Understanding of project management concepts and tools",140100.00,0.05,Not Specified,,
499,0247 Project Associate,Not Specified,"Data presentation and visualization, Data analytics, Writing reports and technical documents, Proofreading, Formatting, Creating visual representations, Share Point management, Microsoft Office proficiency, Project management tools, Literature reviews, PowerPoint presentations",Not Specified,140100.00,0.05,Not Specified,,
500,Analyst,Not Specified,Verbal and written communication skills,"Education Related:, Bachelor's Degree",140100.00,0.05,Not Specified,,
501,Sr. Associate - Ad Tech,Not Specified,"Trafficking digital ad campaigns, Fighting ad fraud, Optimization of digital ad campaigns, Ad server management, DSPs and DMPs operation, VVF tech familiarity, Resolving reporting discrepancies, Trouble-shooting ad server system issues, Campaign launches and ad technology integrations, Quality assurance processes, Stay updated with evolving media landscape",Not Specified,140100.00,0.05,Not Specified,,
502,Researcher - Deep Learning,Not Specified,"Deep Learning, Reinforcement Learning, Artificial Intelligence, Machine Learning, Research Abilities, Publication Record, Multi-modal Intelligence, Natural Language Processing, Neuro-symbolic Systems, Neural Program Synthesis, Foundations of Deep Learning, Algorithms","Skills related to Education:, PhD",140100.00,0.05,Not Specified,,
503,Investigative and Deal Accounting Analytics Manager,Not Specified,"Forensic technology, Accounting, Data analysis, Data analytics, Database management, Data visualization, Data mining, Financial reporting, Business process management, ERP systems",Not Specified,140100.00,0.05,Not Specified,,
504,"Sr Specialist, UX Designer",Not Specified,"Visual design, UX design, Data visualization, Adobe Creative Cloud, Sketch, InVision, Lean, Design Thinking, Agile","Skills Related to Education:, Bachelor's degree from an accredited college/university",140100.00,0.05,Not Specified,,
505,Systems Administrator- {Mac},Not Specified,"macOS support and troubleshooting, Centralized Mac deployment systems, Networking concepts (DNS, DHCP, VLANs, firewall maintenance), Microsoft Office Suite applications, VMWare and/or Hyper-V technologies, File server administration, Command line usage, Git, Scripting in bash and/or python, Process automation and continuous integration, Mitel PBX systems, Change management, NoMAD or Enterprise Connect, Munki or JAMF, Linux server management, Windows Server and MS SQL","Education:, ACSP / ACMT certifications",140100.00,0.05,Not Specified,,
506,Provider Program Administrative Analyst - Health Care Delivery,Not Specified,"Network Management, Provider Relations","Education:, N/A",140100.00,0.05,Not Specified,,
507,Front Desk Immigration Assistant,Not Specified,"Microsoft Excel, Microsoft Outlook, Microsoft PowerPoint, Microsoft Word, Internet applications, Immigration processing, Database software",Not Specified,140100.00,0.05,Not Specified,,
508,Intermediate Security Analyst,Not Specified,"Information Security Management System (ISMS) framework, Identity and Access Management, Cyber Ark administration, Remote token provisioning, Active Directory (AD) group management, Access governance, Access certification, Network concepts & protocols, Security processes and industry standards, Privileged Identity Lifecycle Management, Access governance, Remote Authentication administration, Identity & Access Management","Skills related to Education:, University degree/college diploma in Computer or Information technology, Equivalent work experience in IT, Corporate Communications Knowledge",140100.00,0.05,Not Specified,,
509,Principal Data Scientist(Clinical Data/EMR/NLP/Deep Learning)-PS10509,Not Specified,"Machine Learning Algorithms, Data Science Techniques, Big Data Processing, Distributed Computing (Hadoop), Batch and Real-Time Model Scoring, Visualization, Predictive Modeling Algorithms","Skills Related to Education:, Machine Learning Algorithms, Data Science Techniques, Big Data Processing, Predictive Modeling Algorithms, Visualization",140100.00,0.05,Not Specified,,
510,"Solutions Architect, Healthcare and Life Sciences, Google Cloud",Not Specified,"Cloud computing, Software development, Java, Python, Go, JavaScript, C++, Healthcare IT infrastructure, Life sciences IT infrastructure, Data management, Solution designing","Education-Related Skills:, BA/BS degree in Computer Science or related field, Master's degree in Computer Science or related field",140100.00,0.05,Not Specified,,
511,Adobe Marketing Architect,Not Specified,"Architecting Adobe campaign cloud solutions, Integrating Adobe Marketing Cloud products, Understanding of emerging digital trends, System requirements design and prototyping",Not Specified,140100.00,0.05,Not Specified,,
512,Product Advisor - The Domain,Not Specified,"Retail sales, Customer service, Consumer electronics sales, Technology solutions sales, Metrics-driven sales, Technology/product/software teaching","Skills Related to Education:, Technology/IT education",140100.00,0.05,Not Specified,,
513,Analytic Solutions Analyst/Senior Analyst,Not Specified,"Analytical skills, Data manipulation, Programming (SAS, SQL, R, Python), Report creation, Business intelligence, Credit risk management, Data analysis, Monitoring performance","Related to Education:, Bachelor's degree in relevant fields (Computer Science, Economics, Mathematics, Statistics, Business Analytics), Graduate degree in relevant fields (preferred)",140100.00,0.05,Not Specified,,
514,Data Designer,Not Specified,"Microsoft Office, Adobe Creative Suite, Sketch, InVision, Axure, Confluence, JIRA, JavaScript (React, D3, Node), Python, Scala, R, Matlab, HTML, CSS, Git, AWS, Google Cloud Platform (GCP), SQL, Spark, Hadoop, Postgres, Cassandra","Education-Related Skills:, Bachelor's degree in Data Design or equivalent experience",140100.00,0.05,Not Specified,,
515,Data & Applied Scientist-Analysis & Insights,Not Specified,"Statistics, Research, Data analysis, Excel, Powerpoint, BI/data visualization tools (Power BI, Tableau), SQL, R, Python","Related to Education:, MBA/Masters degree is preferred.",140100.00,0.05,Not Specified,,
516,Studio Operator,Not Specified,"Workflow knowledge, Equipment operation, Troubleshooting, Quality control procedures, Technology proficiency, Understanding of complex information","Related to Education:, High School Diploma or Equivalent, Bachelor's Degree in Communications, Studio Production, Journalism, or related field, Vocational School or related experience",140100.00,0.05,Not Specified,,
517,Sr. Data Analytics Manager,Not Specified,"Data Strategy, Data Analysis, IoT, Adobe Marketing Cloud, KPI Reporting, Agile Framework (SAFE), Microsoft Excel, Microsoft PowerPoint, R Programming Language","Education-Related Skills:, Master's Degree",140100.00,0.05,Not Specified,,
518,Research Scientist,"Senior Researchers lead research initiatives within organizations. They design research projects, collect and analyze data, and provide insights to inform strategic decision-making and innovation efforts.","Research methodologies and data analysis Literature review and synthesis Statistical analysis software (e.g., SPSS, R) Research proposal development Strong communication and reporting skills",BA,250000.00,0.05,Data Science and Research,,
519,Research Engineer,Not Specified,"Wireless communication technologies, DSRC technology, Cellular technology, Algorithm development, Statistical modeling, Predictive modeling, Machine learning, Autonomous environment, Connected vehicle technologies, V2X policies, Vehicle Electronics Integration, Cloud-based applications, Mobile applications integration, System architecture, Embedded software design, CAN Bus architecture, Embedded device interoperability, Hardware interfacing, Building wiring harnesses, Wireless technologies, IEEE WAVE, Linux protocol development, Python programming, C/C++ programming, Unix",Not Specified,293000.00,0.05,Data Science and Research,,
520,Business Intelligence Engineer,Not Specified,"Reporting infrastructures, Front-end tools development, Business intelligence, Web analytics, Custom reporting systems, Tableau, Cognos, MS Excel, MS Access, SQL, SAS, AWS solutions, EC2, DynamoDB, S3, Redshift, Linux, Oracle, OLAP, Data warehousing, BI reporting tools, Python, Perl, Ruby",Not Specified,140000.00,0.05,BI and Visualization,,
521,Data Visualization Specialist,Not Specified,"Data Visualization, Report/Dashboard Development, Cognos, Power BI, Tableau, SQL, Python, MS Office, Analytical Skills",Not Specified,83900.00,0.05,BI and Visualization,,
522,Business Intelligence Developer,Not Specified,"Data warehousing, Business intelligence, Data architecture, Reporting, Analytics, Extract, transform, load (ETL), T-SQL, SSIS, SQL Server, SSRS, Visualization design",Not Specified,110600.00,0.05,BI and Visualization,,
523,BI Developer,Not Specified,"Microsoft SQL development, SSRS, SSIS, SSAS, ETL, Reporting models, Table functions, Stored procedures, SQL query capabilities, UNIX, Data warehousing concepts, Data warehousing terminology, Data warehousing architecture","Education:, Not specified",128000.00,0.05,BI and Visualization,,
524,Business Data Analyst,Not Specified,"Financial modeling, Data analysis, Budgeting & forecasting, Business intelligence tools (e.g., Tableau), SQL, Excel, Reporting cadence & dashboard development, Risk management & pricing, Business intelligence reporting, SQL and Python skills","Related to Education:, Bachelor’s Degree in Business, Economics, Mathematics, Statistics, or a related field, Advanced degree (i.e., an MBA or Master's in an analytics-oriented field) is a plus",56000.00,0.05,Data Analysis,,
525,Data Product Manager,Not Specified,"Data product development, Data analytics strategy, Data visualization, SQL programming, R programming, Python programming, Alteryx or similar analytics tools, Tableau or similar data visualization tools, Database technologies knowledge, Microsoft Office suite","Skills related to Education:, BS degree in Computer Science, Information Systems or related field, MS degree is a plus",186000.00,0.05,Leadership and Management,,
526,Machine Learning Researcher,Not Specified,"Machine Learning, Deep learning, Unsupervised feature learning, Zero- or few-shot learning, Active learning, Reinforcement learning, Multimodal learning, Natural language processing, Ensemble methods, Scalable online estimation, Probabilistic graphical models, Algorithms, Python, Java/Scala, Matlab, R, C/C++, TensorFlow, PyTorch, Keras, Caffe, Theano",Not Specified,100000.00,0.05,Machine Learning and AI,,
527,General Physician (MBBS),"Diagnoses and treats common diseases, provides preventive care, and refers patients to specialists. Works in hospitals, clinics, or private practice.","Diagnosis, Patient Care, Clinical Knowledge, Anatomy, Pharmacology, Empathy, Communication","MBBS, NEET-UG, Internship, Medical Registration",0.00,0.00,Medical & Healthcare,,
528,Chartered Accountant (CA),"Manages financial accounts, auditing, taxation, and financial advising for businesses and individuals. ensures compliance with financial laws.","Accounting, Auditing, Taxation, Financial Management, Corporate Law, GST, Analytical Skills","ICAI (CA Foundation, Intermediate, Final), B.Com",0.00,0.00,Commerce & Finance,,
529,Civil Engineer (Structural),"Designs, plans, and oversees the construction of infrastructure like buildings, bridges, and roads. Ensures structural safety.","AutoCAD, Structural Analysis, Project Management, Concrete Technology, Mathematics, Site Supervision","B.Tech/B.E. (Civil Engineering), GATE (for PSUs/Masters)",0.00,0.00,Engineering & Technology,,
530,Corporate Lawyer,Advise corporations on their legal rights and obligations.,"Corporate Law, Litigation, Legal Research, Contract Notation, Compliance, Critical Thinking","LLB / BA LLB, CLAT, Bar Council Registration",0.00,0.00,Legal,,
531,Digital Marketer,Promote products and services through digital channels.,"SEO, Content Marketing, Social Media Marketing, Google Analytics, Email Marketing, SEM","Bachelor's Degree (Any), Digital Marketing Certification, MBA (Marketing) preferred",0.00,0.00,Marketing,,
532,I.A.S. Officer,Administrative head of government departments/districts. Responsible for policy implementation and law and order.,"Administration, Policy Making, Leadership, Decision Making, Diplomacy, Public Speaking","Bachelor's Degree (Any), UPSC Civil Services Exam (CSE)",0.00,0.00,Government & Public Service,,
533,Graphic Designer,"Create visual concepts to communicate ideas that inspire, inform, or captivate consumers.","Graphic Design, Photoshop, Illustrator, InDesign, Creativity, Typography, Branding","B.Des / Diploma in Graphic Design, Portfolio",0.00,0.00,Creative,,
534,Mechanical Engineer,"Design, develop, and test mechanical devices and sensors.","Mechanical Design, CAD, SolidWorks, Thermodynamics, Fluid Mechanics, Manufacturing","B.Tech/B.E. (Mechanical), GATE",0.00,0.00,Engineering,,
535,Psychologist,"Studies cognitive, emotional, and social processes and behavior by observing, interpreting, and recording how people relate to one another and their environments.","Counseling, Empathy, Active Listening, Psychology, Mental Health Assessment, Research","B.A/B.Sc Psychology, M.A/M.Sc Psychology, M.Phil (Clinical)",0.00,0.00,Medical & Healthcare,,
536,Investment Banker,"Helps companies issue stock or bonds, helps investors purchase securities, and manages financial assets.","Financial Modeling, Valuation, Mergers & Acquisitions, Excel, Analytical Skills, Negotiation","MBA (Finance), CFA, CA",0.00,0.00,Commerce & Finance,,
537,Journalist / News Anchor,"Researches, writes, writes, and presents news stories. Interviews sources and reports on current events.","Writing, Communication, Research, Public Speaking, News Judgment, Ethics, Video Editing",B.A (Journalism & Mass Comm),0.00,0.00,Media & Journalism,,
538,Hotel Manager,"Oversees the daily operations of a hotel, including staff management, guest satisfaction, and financial performance.","Hospitality Management, Communication, Leadership, Customer Service, Operations, Budgeting","BHM (Bachelor of Hotel Management), MBA",0.00,0.00,Hospitality & Tourism,,
539,Indian Army Officer (NDA),"Commands troops, ensures national security, and leads operations in combat and peace.","Leadership, Physical Fitness, Combat Tactics, Discipline, Strategic Planning, Weapons Training","10+2 (PCM for Air Force/Navy), NDA Exam, SSB Interview",0.00,0.00,Defense & Paramilitary,,
540,Professor / Lecturer,"Teaches students in colleges/universities, conducts research, and publishes scholarly papers.","Teaching, Research, Subject Matter Expertise, Communication, Mentoring, Academic Writing","Master's Degree + NET/SET, PhD (preferred)",0.00,0.00,Education & Teaching,,
541,Fashion Designer,Designs clothing and accessories. Create original garments or design garments that follow established fashion trends.,"Creativity, Sketching, Textile Knowledge, Sewing, Trend Analysis, CAD for Fashion","B.Des (Fashion), NIFT Entrance",0.00,0.00,Design & Creative,,
542,Agricultural Scientist,"Conducts research to improve agricultural productivity, sustainability, and food quality.","Soil Science, Crop Management, Research, Biology, Genetics, Data Analysis","B.Sc Agriculture, M.Sc Agriculture",0.00,0.00,Agriculture,,
543,Commercial Pilot,Flies aircraft for airlines to transport passengers and cargo. Creates flight plans and ensures safety.,"Flying Skills, Navigation, Physics, Decision Making, situational awareness, Communication","10+2 (PCM), CPL (Commercial Pilot License), Flying Hours",0.00,0.00,Aviation,,
544,Social Worker,"Helps people solve and cope with problems in their everyday lives. Diagnoses and treats clinical, mental, behavioral, and emotional issues.","Empathy, Communication, Case Management, Advocacy, Problem Solving, Knowledge of Govt Schemes",BSW / MSW (Master of Social Work),0.00,0.00,Social Services,,
545,Biotechnologist,"Uses living systems and organisms to develop or make products. Works in pharma, agriculture, or food processing.","Genetics, Molecular Biology, Lab Techniques, Research, Data Analysis, Bio-processing","B.Tech/B.Sc Biotechnology, M.Sc",0.00,0.00,Science & Research,,
546,Event Manager,"Plans and organizes events such as weddings, conferences, and parties. Coordinates with vendors and manages budgets.","Planning, Coordination, Budget Management, Communication, Creativity, Problem Solving","Diploma/Degree in Event Management, MBA",0.00,0.00,Management,,
547,Company Secretary (CS),Senior position in a private sector company or public sector organisation. Responsible for the efficient administration of a company.,"Corporate Law, Governance, Compliance, Communication, Management, Secretarial Standards","ICSI (CS Foundation, Executive, Professional)",0.00,0.00,Commerce & Law,,
548,Interior Desginer,"Makes indoor spaces functional, safe, and beautiful by determining space requirements and selecting decorative items.","Space Planning, Color Theory, CAD, Creativity, Communication, Material Knowledge",B.Des (Interior) / Diploma,0.00,0.00,Design & Creative,,
549,Cyber Security Analyst,Protects an organization's computer networks and systems. Monitors for security breaches and investigates violations.,"Network Security, Ethical Hacking, Python, Linux, Cryptography, Risk Assessment","B.Tech (CS/IT), Certifications (CEH, CISSP)",0.00,0.00,Technology (Non-AI),,
550,Bank Probationary Officer (PO),"Entry-level managerial position in public sector banks. Handles general banking, administration, and customer service.","Banking Knowledge, Numerical Ability, Reasoning, Communication, Customer Service","Graduation (Any), IBPS PO / SBI PO Exam",0.00,0.00,Banking & Finance,,
551,Merchant Navy Officer,Operates and maintains commercial vessels (ships) transportation cargo globally.,"Navigation, Seamanship, Marine Engineering, Discipline, Physical Fitness",B.Sc Nautical Science / B.Tech Marine Engineering,0.00,0.00,transportation,,
552,PharmD / Pharmacist,Dispenses medications to patients and offers expertise in the safe use of prescriptions.,"Pharmacology, Drug Interaction, Patient Counseling, Chemistry, Attention to Detail",B.Pharm / Pharm.D,0.00,0.00,Medical & Healthcare,,
553,Human Resource (HR) Manager,"Plans, directs, and coordinates the administrative functions of an organization. Recruits and manages talent.","Recruitment, Employee Relations, Labor Laws, Communication, Negotiation, Management",MBA (HR),0.00,0.00,Management,,
554,Indian Police Service (IPS),"Basic duties include law enforcement, maintenance of public order, and crime investigation.","Physical Fitness, Law Enforcement, Leadership, Investigation, Courage, Decision Making","Bachelor's Degree, UPSC CSE",0.00,0.00,Government & Police,,
555,Nutritionist / Dietitian,Experts in the use of food and nutrition to promote health and manage disease. Advises patients on what to eat.,"Nutritional Science, Biology, Communication, Meal Planning, Empathy",B.Sc/M.Sc Nutrition & Dietetics,0.00,0.00,Medical & Healthcare,,
556,Surgeon,Perform surgical procedures to treat injuries and diseases.,"Surgery, Anatomy, Precision, Patient Safety, Medical Terminology, Critical Thinking",Doctor of Medicine (MD) + Residency,409665.00,3.00,Healthcare,,
557,Nurse Practitioner,"Serve as primary and specialty care providers, delivering advanced nursing services to patients and their families.","Nursing, Patient Care, Vital Signs, Biology, Compassion, Communication",Master of Science in Nursing (MSN),111680.00,45.00,Medical,,
558,General Practitioner (Doctor),Diagnose and treat common health problems. Provide medical care to patients.,"Medicine, Patient Care, Diagnostics, Anatomy, Physiology, Clinical Research, Communication",MBBS / MD,150000.00,0.04,Healthcare,,
559,Registered Nurse,"Provide patient care, administer medication, and assist doctors.","Nursing, Patient Care, First Aid, Pharmacology, Empathy, Health Monitoring",B.Sc Nursing,75000.00,0.06,Healthcare,,
560,Accountant,Prepare and examine financial records. Ensure accuracy and compliance.,"Accounting, Financial Analysis, Tax, Auditing, Excel, Budgeting, QuickBooks",B.Com / CA / CPA,70000.00,0.04,Finance,,
561,Civil Engineer,"Design and supervise construction projects like roads, buildings, and bridges.","Civil Engineering, AutoCAD, Structural Analysis, Project Management, Surveying, Concrete Technology",B.Tech Civil,82000.00,0.03,Engineering,,
562,Sales Manager,Lead sales teams and develop sales strategies to hit targets.,"Sales Strategy, Negotiation, CRM, Leadership, Communication, Market Analysis",MBA / BBA,90000.00,0.05,Sales,,
563, Edison Office Administrator,Not Specified...,"Note: The technical skills are related to experience, while the soft skills are a mix of education and experience.",Not Specified,140100.00,0.05,Not Specified,,
564, Data Architecture Manager,Not Specified...,"Data modeling, Data Vault, Dimensional (Star Schema), OLTP, Hierarchical data modeling, Enterprise modeling standards, Data Governance, Data integration (ETL), Data Architecture standards, Data Governance procedures, Hadoop, Big Data, NoSQL, Data Virtualization, Data Services","High School Diploma required, Bachelor’s Degree preferred, Master’s Degree preferred",140100.00,0.05,Not Specified,,
565, Data Engineer,Not Specified...,"Python, SQL, API, Tableau, SAP Business Objects (BOBJ), SAP HANA, Hadoop / HAWQ, SAP Smart Data Integration (SDI) / SAP Landscape Transformation (SLT), Informatica","Education-Related Skills:, Bachelors degree in Computer Science, Statistics, Mathematics, Engineering, or relevant field.",140100.00,0.05,Not Specified,,
566, Cloud Solution Architect (Bilingual in Mandarin a plus),Not Specified...,"AWS solution design, Provision, Migration, Deployment, Operation, Java, C, ASP.Net, Net Core, HTML 5, CSS, Azure Cloud, Angular, RabbitMQ, MongoDB, MS SQL server, Project Management",Bachelor degree or higher on computer science or management information system,140100.00,0.05,Not Specified,,
567, Ultimate Hoops League Coordinator,Not Specified...,"Management of sports leagues, Game statistics recording, Online management, Event coordination and scheduling, Promotion of sports programs, Payroll tracking","Education-related Skills:, High School diploma or GED",140100.00,0.05,Not Specified,,
568," Senior Technology Consultant: Integration, Data Conversion, Reporting –
Higher Education & State / Local Government",Not Specified...,"Knowledge of core design principals, Integrations design and delivery, Technical data conversion, Reporting and Analytics design, Data modeling concepts, ETL Software, Web Services, XML / XSLT, Programming (e.g., Java, C), Advanced Reports development, Data Analytics / big data",Not Specified,140100.00,0.05,Not Specified,,
569, Database Analyst 5,Not Specified...,"Database design, Database administration, Oracle, DB2, SQL Server, Teradata, Data warehouse",Not Specified,140100.00,0.05,Not Specified,,
